DATE,EVENT,BOUT,FIGHTER,prob_norm,odds
2025-03-08,UFC 313: Pereira vs. Ankalaev,Alex Morono vs. Carlos Leal,Alex Morono,0.44568026210103956,124
2025-03-08,UFC 313: Pereira vs. Ankalaev,Alex Morono vs. Carlos Leal,Carlos Leal,0.5543197378989604,-124
2025-03-08,UFC 313: Pereira vs. Ankalaev,Alex Pereira vs. Magomed Ankalaev,Alex Pereira,0.4536974875020977,120
2025-03-08,UFC 313: Pereira vs. Ankalaev,Alex Pereira vs. Magomed Ankalaev,Magomed Ankalaev,0.5463025124979022,-120
2025-03-15,UFC Fight Night: Vettori vs. Dolidze 2,Alexander Hernandez vs. Kurt Holobaugh,Alexander Hernandez,0.6431045582907993,-180
2025-03-15,UFC Fight Night: Vettori vs. Dolidze 2,Alexander Hernandez vs. Kurt Holobaugh,Kurt Holobaugh,0.35689544170920084,180
2025-04-12,UFC 314: Volkanovski vs. Lopes,Alexander Volkanovski vs. Diego Lopes,Alexander Volkanovski,0.5890220794863205,-143
2025-04-12,UFC 314: Volkanovski vs. Lopes,Alexander Volkanovski vs. Diego Lopes,Diego Lopes,0.4109779205136795,143
2025-06-28,UFC 317: Topuria vs. Oliveira,Alexandre Pantoja vs. Kai Kara-France,Alexandre Pantoja,0.5372243760776892,-116
2025-06-28,UFC 317: Topuria vs. Oliveira,Alexandre Pantoja vs. Kai Kara-France,Kai Kara-France,0.4627756239223107,116
2025-06-14,UFC Fight Night: Usman vs. Buckley,Alonzo Menifield vs. Oumar Sy,Alonzo Menifield,0.2641237186216318,279
2025-06-14,UFC Fight Night: Usman vs. Buckley,Alonzo Menifield vs. Oumar Sy,Oumar Sy,0.7358762813783681,-279
2025-02-22,UFC Fight Night: Cejudo vs. Song,Andre Fili vs. Melquizael Costa,Andre Fili,0.3202363159314745,212
2025-02-22,UFC Fight Night: Cejudo vs. Song,Andre Fili vs. Melquizael Costa,Melquizael Costa,0.6797636840685256,-212
2025-04-26,UFC Fight Night: Machado Garry vs. Prates,Anthony Smith vs. Zhang Mingyang,Anthony Smith,0.3110055211896349,222
2025-04-26,UFC Fight Night: Machado Garry vs. Prates,Anthony Smith vs. Zhang Mingyang,Zhang Mingyang,0.688994478810365,-222
2025-06-07,UFC 316: Dvalishvili vs. O'Malley 2,Azamat Murzakanov vs. Brendson Ribeiro,Azamat Murzakanov,0.507811315199804,-103
2025-06-07,UFC 316: Dvalishvili vs. O'Malley 2,Azamat Murzakanov vs. Brendson Ribeiro,Brendson Ribeiro,0.492188684800196,103
2025-05-10,UFC 315: Muhammad vs. Della Maddalena,Belal Muhammad vs. Jack Della Maddalena,Belal Muhammad,0.40422645213299985,147
2025-05-10,UFC 315: Muhammad vs. Della Maddalena,Belal Muhammad vs. Jack Della Maddalena,Jack Della Maddalena,0.5957735478670001,-147
2025-06-28,UFC 317: Topuria vs. Oliveira,Beneil Dariush vs. Renato Moicano,Beneil Dariush,0.5156046518314625,-106
2025-06-28,UFC 317: Topuria vs. Oliveira,Beneil Dariush vs. Renato Moicano,Renato Moicano,0.4843953481685375,106
2025-05-10,UFC 315: Muhammad vs. Della Maddalena,Benoit Saint Denis vs. Kyle Prepolec,Benoit Saint Denis,0.7566167737474292,-311
2025-05-10,UFC 315: Muhammad vs. Della Maddalena,Benoit Saint Denis vs. Kyle Prepolec,Kyle Prepolec,0.24338322625257083,311
2025-05-31,UFC Fight Night: Blanchfield vs. Barber,Billy Ray Goff vs. Ramiz Brahimaj,Billy Ray Goff,0.6851986234720976,-218
2025-05-31,UFC Fight Night: Blanchfield vs. Barber,Billy Ray Goff vs. Ramiz Brahimaj,Ramiz Brahimaj,0.31480137652790247,218
2025-05-10,UFC 315: Muhammad vs. Della Maddalena,Brad Katona vs. Bekzat Almakhan,Brad Katona,0.5577943787180955,-126
2025-05-10,UFC 315: Muhammad vs. Della Maddalena,Brad Katona vs. Bekzat Almakhan,Bekzat Almakhan,0.4422056212819046,126
2025-04-05,UFC Fight Night: Emmett vs. Murphy,Brad Tavares vs. Gerald Meerschaert,Brad Tavares,0.3854745540198572,159
2025-04-05,UFC Fight Night: Emmett vs. Murphy,Brad Tavares vs. Gerald Meerschaert,Gerald Meerschaert,0.6145254459801428,-159
2025-03-29,UFC Fight Night: Moreno vs. Erceg,Brandon Moreno vs. Steve Erceg,Brandon Moreno,0.7037131305702722,-238
2025-03-29,UFC Fight Night: Moreno vs. Erceg,Brandon Moreno vs. Steve Erceg,Steve Erceg,0.2962868694297277,238
2025-06-28,UFC 317: Topuria vs. Oliveira,Brandon Royval vs. Joshua Van,Brandon Royval,0.3312169177275889,202
2025-06-28,UFC 317: Topuria vs. Oliveira,Brandon Royval vs. Joshua Van,Joshua Van,0.6687830822724112,-202
2025-02-22,UFC Fight Night: Cejudo vs. Song,Brendan Allen vs. Anthony Hernandez,Brendan Allen,0.4193799950213413,138
2025-02-22,UFC Fight Night: Cejudo vs. Song,Brendan Allen vs. Anthony Hernandez,Anthony Hernandez,0.5806200049786586,-138
2025-03-08,UFC 313: Pereira vs. Ankalaev,Brunno Ferreira vs. Armen Petrosyan,Brunno Ferreira,0.558204576747927,-126
2025-03-08,UFC 313: Pereira vs. Ankalaev,Brunno Ferreira vs. Armen Petrosyan,Armen Petrosyan,0.4417954232520731,126
2025-06-07,UFC 316: Dvalishvili vs. O'Malley 2,Bruno Silva vs. Joshua Van,Bruno Silva,0.14496223781136083,590
2025-06-07,UFC 316: Dvalishvili vs. O'Malley 2,Bruno Silva vs. Joshua Van,Joshua Van,0.8550377621886391,-590
2025-04-12,UFC 314: Volkanovski vs. Lopes,Bryce Mitchell vs. Jean Silva,Bryce Mitchell,0.4257869405177654,135
2025-04-12,UFC 314: Volkanovski vs. Lopes,Bryce Mitchell vs. Jean Silva,Jean Silva,0.5742130594822347,-135
2025-02-15,UFC Fight Night: Cannonier vs. Rodrigues,Calvin Kattar vs. Youssef Zalal,Calvin Kattar,0.24093301318489097,315
2025-02-15,UFC Fight Night: Cannonier vs. Rodrigues,Calvin Kattar vs. Youssef Zalal,Youssef Zalal,0.7590669868151091,-315
2025-05-03,UFC Fight Night: Sandhagen vs. Figueiredo,Cameron Smotherman vs. Serhiy Sidey,Cameron Smotherman,0.5688828723112546,-132
2025-05-03,UFC Fight Night: Sandhagen vs. Figueiredo,Cameron Smotherman vs. Serhiy Sidey,Serhiy Sidey,0.43111712768874555,132
2025-01-11,UFC Fight Night: Dern vs. Ribas 2,Cesar Almeida vs. Abdul Razak Alhassan,Cesar Almeida,0.6747448197971706,-207
2025-01-11,UFC Fight Night: Dern vs. Ribas 2,Cesar Almeida vs. Abdul Razak Alhassan,Abdul Razak Alhassan,0.32525518020282945,207
2025-03-01,UFC Fight Night: Kape vs. Almabayev,Charles Johnson vs. Ramazan Temirov,Charles Johnson,0.503693373233297,-101
2025-03-01,UFC Fight Night: Kape vs. Almabayev,Charles Johnson vs. Ramazan Temirov,Ramazan Temirov,0.49630662676670295,101
2025-03-15,UFC Fight Night: Vettori vs. Dolidze 2,Chidi Njokuani vs. Elizeu Zaleski dos Santos,Chidi Njokuani,0.45943503489708926,118
2025-03-15,UFC Fight Night: Vettori vs. Dolidze 2,Chidi Njokuani vs. Elizeu Zaleski dos Santos,Elizeu Zaleski dos Santos,0.5405649651029106,-118
2025-01-11,UFC Fight Night: Dern vs. Ribas 2,Chris Curtis vs. Roman Kopylov,Chris Curtis,0.3933158220757833,154
2025-01-11,UFC Fight Night: Dern vs. Ribas 2,Chris Curtis vs. Roman Kopylov,Roman Kopylov,0.6066841779242168,-154
2025-04-26,UFC Fight Night: Machado Garry vs. Prates,Chris Gutierrez vs. John Castaneda,Chris Gutierrez,0.7027437432684711,-236
2025-04-26,UFC Fight Night: Machado Garry vs. Prates,Chris Gutierrez vs. John Castaneda,John Castaneda,0.29725625673152895,236
2025-03-29,UFC Fight Night: Moreno vs. Erceg,Christian Rodriguez vs. Melquizael Costa,Christian Rodriguez,0.5339482442513815,-115
2025-03-29,UFC Fight Night: Moreno vs. Erceg,Christian Rodriguez vs. Melquizael Costa,Melquizael Costa,0.46605175574861846,115
2025-03-01,UFC Fight Night: Kape vs. Almabayev,Cody Brundage vs. Julian Marquez,Cody Brundage,0.6010695091626849,-151
2025-03-01,UFC Fight Night: Kape vs. Almabayev,Cody Brundage vs. Julian Marquez,Julian Marquez,0.3989304908373153,151
2025-06-14,UFC Fight Night: Usman vs. Buckley,Cody Durden vs. Jose Ochoa,Cody Durden,0.44874798757937934,123
2025-06-14,UFC Fight Night: Usman vs. Buckley,Cody Durden vs. Jose Ochoa,Jose Ochoa,0.5512520124206206,-123
2025-06-14,UFC Fight Night: Usman vs. Buckley,Cody Garbrandt vs. Raoni Barcelos,Cody Garbrandt,0.42057460260139995,138
2025-06-14,UFC Fight Night: Usman vs. Buckley,Cody Garbrandt vs. Raoni Barcelos,Raoni Barcelos,0.5794253973986001,-138
2025-04-05,UFC Fight Night: Emmett vs. Murphy,Cortavious Romious vs. ChangHo Lee,Cortavious Romious,0.44386304376494806,125
2025-04-05,UFC Fight Night: Emmett vs. Murphy,Cortavious Romious vs. ChangHo Lee,ChangHo Lee,0.5561369562350518,-125
2025-05-03,UFC Fight Night: Sandhagen vs. Figueiredo,Cory Sandhagen vs. Deiveson Figueiredo,Cory Sandhagen,0.7506497022571094,-301
2025-05-03,UFC Fight Night: Sandhagen vs. Figueiredo,Cory Sandhagen vs. Deiveson Figueiredo,Deiveson Figueiredo,0.24935029774289055,301
2025-04-26,UFC Fight Night: Machado Garry vs. Prates,Da'Mon Blackshear vs. Alatengheili,Da'Mon Blackshear,0.6015440073923378,-151
2025-04-26,UFC Fight Night: Machado Garry vs. Prates,Da'Mon Blackshear vs. Alatengheili,Alatengheili,0.3984559926076622,151
2025-03-15,UFC Fight Night: Vettori vs. Dolidze 2,Da'Mon Blackshear vs. Cody Gibson,Da'Mon Blackshear,0.6145953485917007,-159
2025-03-15,UFC Fight Night: Vettori vs. Dolidze 2,Da'Mon Blackshear vs. Cody Gibson,Cody Gibson,0.3854046514082993,159
2025-04-12,UFC 314: Volkanovski vs. Lopes,Dan Ige vs. Sean Woodson,Dan Ige,0.322713648406223,210
2025-04-12,UFC 314: Volkanovski vs. Lopes,Dan Ige vs. Sean Woodson,Sean Woodson,0.677286351593777,-210
2025-03-15,UFC Fight Night: Vettori vs. Dolidze 2,Daniel Barez vs. Andre Lima,Daniel Barez,0.30122044109616786,232
2025-03-15,UFC Fight Night: Vettori vs. Dolidze 2,Daniel Barez vs. Andre Lima,Andre Lima,0.6987795589038321,-232
2025-05-10,UFC 315: Muhammad vs. Della Maddalena,Daniel Santos vs. JeongYeong Lee,Daniel Santos,0.47241330452115055,112
2025-05-10,UFC 315: Muhammad vs. Della Maddalena,Daniel Santos vs. JeongYeong Lee,JeongYeong Lee,0.5275866954788495,-112
2025-03-01,UFC Fight Night: Kape vs. Almabayev,Danny Barlow vs. Sam Patterson,Danny Barlow,0.5024889379938747,-101
2025-03-01,UFC Fight Night: Kape vs. Almabayev,Danny Barlow vs. Sam Patterson,Sam Patterson,0.4975110620061252,101
2025-03-01,UFC Fight Night: Kape vs. Almabayev,Danny Silva vs. Lucas Almeida,Danny Silva,0.6757575723658922,-208
2025-03-01,UFC Fight Night: Kape vs. Almabayev,Danny Silva vs. Lucas Almeida,Lucas Almeida,0.32424242763410793,208
2025-04-12,UFC 314: Volkanovski vs. Lopes,Darren Elkins vs. Julian Erosa,Darren Elkins,0.440132341806882,127
2025-04-12,UFC 314: Volkanovski vs. Lopes,Darren Elkins vs. Julian Erosa,Julian Erosa,0.559867658193118,-127
2025-02-15,UFC Fight Night: Cannonier vs. Rodrigues,Don'Tale Mayes vs. Valter Walker,Don'Tale Mayes,0.3722092630103511,169
2025-02-15,UFC Fight Night: Cannonier vs. Rodrigues,Don'Tale Mayes vs. Valter Walker,Valter Walker,0.6277907369896488,-169
2025-02-08,UFC 312: Du Plessis vs. Strickland 2,Dricus Du Plessis vs. Sean Strickland,Dricus Du Plessis,0.5363466901814423,-116
2025-02-08,UFC 312: Du Plessis vs. Strickland 2,Dricus Du Plessis vs. Sean Strickland,Sean Strickland,0.46365330981855774,116
2025-05-31,UFC Fight Night: Blanchfield vs. Barber,Dustin Jacoby vs. Bruno Lopes,Dustin Jacoby,0.4237854933894316,136
2025-05-31,UFC Fight Night: Blanchfield vs. Barber,Dustin Jacoby vs. Bruno Lopes,Bruno Lopes,0.5762145066105684,-136
2025-05-17,UFC Fight Night: Burns vs. Morales,Dustin Stoltzfus vs. Nursulton Ruziboev,Dustin Stoltzfus,0.36983826001185355,170
2025-05-17,UFC Fight Night: Burns vs. Morales,Dustin Stoltzfus vs. Nursulton Ruziboev,Nursulton Ruziboev,0.6301617399881464,-170
2025-03-29,UFC Fight Night: Moreno vs. Erceg,Edgar Chairez vs. CJ Vergara,Edgar Chairez,0.5189602452655049,-108
2025-03-29,UFC Fight Night: Moreno vs. Erceg,Edgar Chairez vs. CJ Vergara,CJ Vergara,0.4810397547344951,108
2025-06-14,UFC Fight Night: Usman vs. Buckley,Edmen Shahbazyan vs. Andre Petroski,Edmen Shahbazyan,0.6011353997596883,-151
2025-06-14,UFC Fight Night: Usman vs. Buckley,Edmen Shahbazyan vs. Andre Petroski,Andre Petroski,0.3988646002403117,151
2025-02-15,UFC Fight Night: Cannonier vs. Rodrigues,Edmen Shahbazyan vs. Dylan Budka,Edmen Shahbazyan,0.5491978434245867,-122
2025-02-15,UFC Fight Night: Cannonier vs. Rodrigues,Edmen Shahbazyan vs. Dylan Budka,Dylan Budka,0.45080215657541334,122
2025-02-01,UFC Fight Night: Adesanya vs. Imavov,Fares Ziam vs. Mike Davis,Fares Ziam,0.6738100589435266,-207
2025-02-01,UFC Fight Night: Adesanya vs. Imavov,Fares Ziam vs. Mike Davis,Mike Davis,0.3261899410564733,207
2025-02-15,UFC Fight Night: Cannonier vs. Rodrigues,Gabriel Bonfim vs. Khaos Williams,Gabriel Bonfim,0.6347662853807958,-174
2025-02-15,UFC Fight Night: Cannonier vs. Rodrigues,Gabriel Bonfim vs. Khaos Williams,Khaos Williams,0.36523371461920423,174
2025-05-03,UFC Fight Night: Sandhagen vs. Figueiredo,Gaston Bolanos vs. Quang Le,Gaston Bolanos,0.5637662010937167,-129
2025-05-03,UFC Fight Night: Sandhagen vs. Figueiredo,Gaston Bolanos vs. Quang Le,Quang Le,0.43623379890628333,129
2025-04-26,UFC Fight Night: Machado Garry vs. Prates,Giga Chikadze vs. David Onama,Giga Chikadze,0.4569265508379838,119
2025-04-26,UFC Fight Night: Machado Garry vs. Prates,Giga Chikadze vs. David Onama,David Onama,0.5430734491620163,-119
2025-05-17,UFC Fight Night: Burns vs. Morales,Gilbert Burns vs. Michael Morales,Gilbert Burns,0.2504758427404033,299
2025-05-17,UFC Fight Night: Burns vs. Morales,Gilbert Burns vs. Michael Morales,Michael Morales,0.7495241572595968,-299
2025-01-18,UFC 311: Makhachev vs. Moicano,Grant Dawson vs. Diego Ferreira,Grant Dawson,0.7011109580618307,-235
2025-01-18,UFC 311: Makhachev vs. Moicano,Grant Dawson vs. Diego Ferreira,Diego Ferreira,0.29888904193816923,235
2025-03-22,UFC Fight Night: Edwards vs. Brady,Gunnar Nelson vs. Kevin Holland,Gunnar Nelson,0.34015211294620706,194
2025-03-22,UFC Fight Night: Edwards vs. Brady,Gunnar Nelson vs. Kevin Holland,Kevin Holland,0.6598478870537929,-194
2025-03-22,UFC Fight Night: Edwards vs. Brady,Guram Kutateladze vs. Kaue Fernandes,Guram Kutateladze,0.3002281455672797,233
2025-03-22,UFC Fight Night: Edwards vs. Brady,Guram Kutateladze vs. Kaue Fernandes,Kaue Fernandes,0.6997718544327202,-233
2025-06-21,UFC Fight Night: Hill vs. Rountree Jr.,Hamdy Abdelwahab vs. Mohammed Usman,Hamdy Abdelwahab,0.5768067078987618,-136
2025-06-21,UFC Fight Night: Hill vs. Rountree Jr.,Hamdy Abdelwahab vs. Mohammed Usman,Mohammed Usman,0.42319329210123824,136
2025-02-22,UFC Fight Night: Cejudo vs. Song,Henry Cejudo vs. Song Yadong,Henry Cejudo,0.39210642302144283,155
2025-02-22,UFC Fight Night: Cejudo vs. Song,Henry Cejudo vs. Song Yadong,Song Yadong,0.6078935769785571,-155
2025-06-28,UFC 317: Topuria vs. Oliveira,Hyder Amil vs. Jose Delgado,Hyder Amil,0.4040275352364319,148
2025-06-28,UFC 317: Topuria vs. Oliveira,Hyder Amil vs. Jose Delgado,Jose Delgado,0.595972464763568,-148
2025-03-01,UFC Fight Night: Kape vs. Almabayev,Hyder Amil vs. William Gomis,Hyder Amil,0.36861946810969987,171
2025-03-01,UFC Fight Night: Kape vs. Almabayev,Hyder Amil vs. William Gomis,William Gomis,0.6313805318903,-171
2025-05-17,UFC Fight Night: Burns vs. Morales,HyunSung Park vs. Carlos Hernandez,HyunSung Park,0.5510279609707147,-123
2025-05-17,UFC Fight Night: Burns vs. Morales,HyunSung Park vs. Carlos Hernandez,Carlos Hernandez,0.44897203902928523,123
2025-04-26,UFC Fight Night: Machado Garry vs. Prates,Ian Machado Garry vs. Carlos Prates,Ian Machado Garry,0.6001420620261138,-150
2025-04-26,UFC Fight Night: Machado Garry vs. Prates,Ian Machado Garry vs. Carlos Prates,Carlos Prates,0.3998579379738862,150
2025-04-26,UFC Fight Night: Machado Garry vs. Prates,Ikram Aliskerov vs. Andre Muniz,Ikram Aliskerov,0.38223726460197627,162
2025-04-26,UFC Fight Night: Machado Garry vs. Prates,Ikram Aliskerov vs. Andre Muniz,Andre Muniz,0.6177627353980238,-162
2025-06-28,UFC 317: Topuria vs. Oliveira,Ilia Topuria vs. Charles Oliveira,Ilia Topuria,0.5848627957636774,-141
2025-06-28,UFC 317: Topuria vs. Oliveira,Ilia Topuria vs. Charles Oliveira,Charles Oliveira,0.4151372042363226,141
2025-02-22,UFC Fight Night: Cejudo vs. Song,Ion Cutelaba vs. Ibo Aslan,Ion Cutelaba,0.32683759035266335,206
2025-02-22,UFC Fight Night: Cejudo vs. Song,Ion Cutelaba vs. Ibo Aslan,Ibo Aslan,0.6731624096473366,-206
2025-01-18,UFC 311: Makhachev vs. Moicano,Islam Makhachev vs. Renato Moicano,Islam Makhachev,0.8318945043043318,-495
2025-01-18,UFC 311: Makhachev vs. Moicano,Islam Makhachev vs. Renato Moicano,Renato Moicano,0.16810549569566818,495
2025-02-15,UFC Fight Night: Cannonier vs. Rodrigues,Ismael Bonfim vs. Nazim Sadykhov,Ismael Bonfim,0.6187674039616409,-162
2025-02-15,UFC Fight Night: Cannonier vs. Rodrigues,Ismael Bonfim vs. Nazim Sadykhov,Nazim Sadykhov,0.38123259603835913,162
2025-06-21,UFC Fight Night: Hill vs. Rountree Jr.,Ismail Naurdiev vs. JunYong Park,Ismail Naurdiev,0.5178732416838534,-107
2025-06-21,UFC Fight Night: Hill vs. Rountree Jr.,Ismail Naurdiev vs. JunYong Park,JunYong Park,0.4821267583161467,107
2025-02-01,UFC Fight Night: Adesanya vs. Imavov,Israel Adesanya vs. Nassourdine Imavov,Israel Adesanya,0.4032587465217978,148
2025-02-01,UFC Fight Night: Adesanya vs. Imavov,Israel Adesanya vs. Nassourdine Imavov,Nassourdine Imavov,0.5967412534782023,-148
2025-06-28,UFC 317: Topuria vs. Oliveira,Jack Hermansson vs. Gregory Rodrigues,Jack Hermansson,0.5106448449824892,-104
2025-06-28,UFC 317: Topuria vs. Oliveira,Jack Hermansson vs. Gregory Rodrigues,Gregory Rodrigues,0.48935515501751076,104
2025-02-08,UFC 312: Du Plessis vs. Strickland 2,Jack Jenkins vs. Gabriel Santos,Jack Jenkins,0.5595000636684966,-127
2025-02-08,UFC 312: Du Plessis vs. Strickland 2,Jack Jenkins vs. Gabriel Santos,Gabriel Santos,0.44049993633150347,127
2025-05-31,UFC Fight Night: Blanchfield vs. Barber,Jafel Filho vs. Allan Nascimento,Jafel Filho,0.4335625584953916,131
2025-05-31,UFC Fight Night: Blanchfield vs. Barber,Jafel Filho vs. Allan Nascimento,Allan Nascimento,0.5664374415046084,-131
2025-03-22,UFC Fight Night: Edwards vs. Brady,Jai Herbert vs. Chris Padilla,Jai Herbert,0.29037450691612215,244
2025-03-22,UFC Fight Night: Edwards vs. Brady,Jai Herbert vs. Chris Padilla,Chris Padilla,0.7096254930838779,-244
2025-01-18,UFC 311: Makhachev vs. Moicano,Jailton Almeida vs. Serghei Spivac,Jailton Almeida,0.6219163695800067,-164
2025-01-18,UFC 311: Makhachev vs. Moicano,Jailton Almeida vs. Serghei Spivac,Serghei Spivac,0.3780836304199932,164
2025-02-08,UFC 312: Du Plessis vs. Strickland 2,Jake Matthews vs. Francisco Prado,Jake Matthews,0.5528303936543504,-124
2025-02-08,UFC 312: Du Plessis vs. Strickland 2,Jake Matthews vs. Francisco Prado,Francisco Prado,0.4471696063456497,124
2025-03-08,UFC 313: Pereira vs. Ankalaev,Jalin Turner vs. Ignacio Bahamondes,Jalin Turner,0.44114854369750045,127
2025-03-08,UFC 313: Pereira vs. Ankalaev,Jalin Turner vs. Ignacio Bahamondes,Ignacio Bahamondes,0.5588514563024997,-127
2025-06-21,UFC Fight Night: Hill vs. Rountree Jr.,Jamahal Hill vs. Khalil Rountree Jr.,Jamahal Hill,0.5243638404197188,-110
2025-06-21,UFC Fight Night: Hill vs. Rountree Jr.,Jamahal Hill vs. Khalil Rountree Jr.,Khalil Rountree Jr.,0.47563615958028127,110
2025-03-29,UFC Fight Night: Moreno vs. Erceg,Jamall Emmers vs. Gabriel Miranda,Jamall Emmers,0.6188068740396113,-162
2025-03-29,UFC Fight Night: Moreno vs. Erceg,Jamall Emmers vs. Gabriel Miranda,Gabriel Miranda,0.3811931259603887,162
2025-03-22,UFC Fight Night: Edwards vs. Brady,Jan Blachowicz vs. Carlos Ulberg,Jan Blachowicz,0.3363798028500198,197
2025-03-22,UFC Fight Night: Edwards vs. Brady,Jan Blachowicz vs. Carlos Ulberg,Carlos Ulberg,0.6636201971499801,-197
2025-02-15,UFC Fight Night: Cannonier vs. Rodrigues,Jared Cannonier vs. Gregory Rodrigues,Jared Cannonier,0.27137426427621286,268
2025-02-15,UFC Fight Night: Cannonier vs. Rodrigues,Jared Cannonier vs. Gregory Rodrigues,Gregory Rodrigues,0.728625735723787,-268
2025-05-17,UFC Fight Night: Burns vs. Morales,Jared Gordon vs. Thiago Moises,Jared Gordon,0.5437190592605021,-119
2025-05-17,UFC Fight Night: Burns vs. Morales,Jared Gordon vs. Thiago Moises,Thiago Moises,0.4562809407394979,119
2025-02-22,UFC Fight Night: Cejudo vs. Song,Jean Silva vs. Melsik Baghdasaryan,Jean Silva,0.6034288085708239,-152
2025-02-22,UFC Fight Night: Cejudo vs. Song,Jean Silva vs. Melsik Baghdasaryan,Melsik Baghdasaryan,0.3965711914291761,152
2025-05-03,UFC Fight Night: Sandhagen vs. Figueiredo,Jeremy Stephens vs. Mason Jones,Jeremy Stephens,0.36173074928567717,176
2025-05-03,UFC Fight Night: Sandhagen vs. Figueiredo,Jeremy Stephens vs. Mason Jones,Mason Jones,0.6382692507143228,-176
2025-04-12,UFC 314: Volkanovski vs. Lopes,Jim Miller vs. Chase Hooper,Jim Miller,0.23454305972658776,326
2025-04-12,UFC 314: Volkanovski vs. Lopes,Jim Miller vs. Chase Hooper,Chase Hooper,0.7654569402734122,-326
2025-02-08,UFC 312: Du Plessis vs. Strickland 2,Jimmy Crute vs. Rodolfo Bellato,Jimmy Crute,0.5020286578819936,-101
2025-02-08,UFC 312: Du Plessis vs. Strickland 2,Jimmy Crute vs. Rodolfo Bellato,Rodolfo Bellato,0.49797134211800637,101
2025-01-18,UFC 311: Makhachev vs. Moicano,Jiri Prochazka vs. Jamahal Hill,Jiri Prochazka,0.5182698263497669,-108
2025-01-18,UFC 311: Makhachev vs. Moicano,Jiri Prochazka vs. Jamahal Hill,Jamahal Hill,0.4817301736502331,108
2025-03-22,UFC Fight Night: Edwards vs. Brady,Jordan Vucenic vs. Chris Duncan,Jordan Vucenic,0.4943365062604926,102
2025-03-22,UFC Fight Night: Edwards vs. Brady,Jordan Vucenic vs. Chris Duncan,Chris Duncan,0.5056634937395074,-102
2025-05-10,UFC 315: Muhammad vs. Della Maddalena,Jose Aldo vs. Aiemann Zahabi,Jose Aldo,0.5122083676353043,-105
2025-05-10,UFC 315: Muhammad vs. Della Maddalena,Jose Aldo vs. Aiemann Zahabi,Aiemann Zahabi,0.4877916323646957,105
2025-01-11,UFC Fight Night: Dern vs. Ribas 2,Jose Johnson vs. Felipe Bunes,Jose Johnson,0.6335979116104351,-173
2025-01-11,UFC Fight Night: Dern vs. Ribas 2,Jose Johnson vs. Felipe Bunes,Felipe Bunes,0.3664020883895648,173
2025-04-05,UFC Fight Night: Emmett vs. Murphy,Josh Emmett vs. Lerone Murphy,Josh Emmett,0.1938666675748431,416
2025-04-05,UFC Fight Night: Emmett vs. Murphy,Josh Emmett vs. Lerone Murphy,Lerone Murphy,0.806133332425157,-416
2025-03-08,UFC 313: Pereira vs. Ankalaev,Joshua Van vs. Rei Tsuruya,Joshua Van,0.5579207873012236,-126
2025-03-08,UFC 313: Pereira vs. Ankalaev,Joshua Van vs. Rei Tsuruya,Rei Tsuruya,0.4420792126987763,126
2025-05-17,UFC Fight Night: Burns vs. Morales,Julian Erosa vs. Melquizael Costa,Julian Erosa,0.34241470028973275,192
2025-05-17,UFC Fight Night: Burns vs. Morales,Julian Erosa vs. Melquizael Costa,Melquizael Costa,0.6575852997102672,-192
2025-03-08,UFC 313: Pereira vs. Ankalaev,Justin Gaethje vs. Rafael Fiziev,Justin Gaethje,0.4637849418134807,116
2025-03-08,UFC 313: Pereira vs. Ankalaev,Justin Gaethje vs. Rafael Fiziev,Rafael Fiziev,0.5362150581865194,-116
2025-06-14,UFC Fight Night: Usman vs. Buckley,Kamaru Usman vs. Joaquin Buckley,Kamaru Usman,0.4504851646663349,122
2025-06-14,UFC Fight Night: Usman vs. Buckley,Kamaru Usman vs. Joaquin Buckley,Joaquin Buckley,0.5495148353336651,-122
2025-06-07,UFC 316: Dvalishvili vs. O'Malley 2,Kelvin Gastelum vs. Joe Pyfer,Kelvin Gastelum,0.4049461736961458,147
2025-06-07,UFC 316: Dvalishvili vs. O'Malley 2,Kelvin Gastelum vs. Joe Pyfer,Joe Pyfer,0.5950538263038543,-147
2025-01-18,UFC 311: Makhachev vs. Moicano,Kevin Holland vs. Reinier de Ridder,Kevin Holland,0.5343696002415944,-115
2025-01-18,UFC 311: Makhachev vs. Moicano,Kevin Holland vs. Reinier de Ridder,Reinier de Ridder,0.46563039975840564,115
2025-03-08,UFC 313: Pereira vs. Ankalaev,King Green vs. Mauricio Ruffy,King Green,0.450822184348818,122
2025-03-08,UFC 313: Pereira vs. Ankalaev,King Green vs. Mauricio Ruffy,Mauricio Ruffy,0.5491778156511821,-122
2025-05-31,UFC Fight Night: Blanchfield vs. Barber,Kurt Holobaugh vs. Jordan Leavitt,Kurt Holobaugh,0.3293651662530222,204
2025-05-31,UFC Fight Night: Blanchfield vs. Barber,Kurt Holobaugh vs. Jordan Leavitt,Jordan Leavitt,0.6706348337469779,-204
2025-03-22,UFC Fight Night: Edwards vs. Brady,Leon Edwards vs. Sean Brady,Leon Edwards,0.5832828158942034,-140
2025-03-22,UFC Fight Night: Edwards vs. Brady,Leon Edwards vs. Sean Brady,Sean Brady,0.41671718410579667,140
2025-03-22,UFC Fight Night: Edwards vs. Brady,Lone'er Kavanagh vs. Felipe dos Santos,Lone'er Kavanagh,0.6004179726779503,-150
2025-03-22,UFC Fight Night: Edwards vs. Brady,Lone'er Kavanagh vs. Felipe dos Santos,Felipe dos Santos,0.3995820273220498,150
2025-03-08,UFC 313: Pereira vs. Ankalaev,Mairon Santos vs. Francis Marshall,Mairon Santos,0.6292516824438087,-170
2025-03-08,UFC 313: Pereira vs. Ankalaev,Mairon Santos vs. Francis Marshall,Francis Marshall,0.3707483175561914,170
2025-06-14,UFC Fight Night: Usman vs. Buckley,Malcolm Wellmaker vs. Kris Moutinho,Malcolm Wellmaker,0.7104297198580762,-245
2025-06-14,UFC Fight Night: Usman vs. Buckley,Malcolm Wellmaker vs. Kris Moutinho,Kris Moutinho,0.2895702801419238,245
2025-03-01,UFC Fight Night: Kape vs. Almabayev,Manel Kape vs. Asu Almabayev,Manel Kape,0.43549939989356035,130
2025-03-01,UFC Fight Night: Kape vs. Almabayev,Manel Kape vs. Asu Almabayev,Asu Almabayev,0.5645006001064395,-130
2025-06-14,UFC Fight Night: Usman vs. Buckley,Mansur Abdul-Malik vs. Cody Brundage,Mansur Abdul-Malik,0.6827355578525823,-215
2025-06-14,UFC Fight Night: Usman vs. Buckley,Mansur Abdul-Malik vs. Cody Brundage,Cody Brundage,0.31726444214741767,215
2025-03-29,UFC Fight Night: Moreno vs. Erceg,Manuel Torres vs. Drew Dober,Manuel Torres,0.6522939471895158,-188
2025-03-29,UFC Fight Night: Moreno vs. Erceg,Manuel Torres vs. Drew Dober,Drew Dober,0.3477060528104842,188
2025-03-29,UFC Fight Night: Moreno vs. Erceg,MarQuel Mederos vs. Austin Hubbard,MarQuel Mederos,0.6338926903235683,-173
2025-03-29,UFC Fight Night: Moreno vs. Erceg,MarQuel Mederos vs. Austin Hubbard,Austin Hubbard,0.3661073096764316,173
2025-05-10,UFC 315: Muhammad vs. Della Maddalena,Marc-Andre Barriault vs. Bruno Silva,Marc-Andre Barriault,0.52876476651655,-112
2025-05-10,UFC 315: Muhammad vs. Della Maddalena,Marc-Andre Barriault vs. Bruno Silva,Bruno Silva,0.4712352334834501,112
2025-03-22,UFC Fight Night: Edwards vs. Brady,Marcin Tybura vs. Mick Parkin,Marcin Tybura,0.3738266162140958,168
2025-03-22,UFC Fight Night: Edwards vs. Brady,Marcin Tybura vs. Mick Parkin,Mick Parkin,0.6261733837859041,-168
2025-03-15,UFC Fight Night: Vettori vs. Dolidze 2,Marvin Vettori vs. Roman Dolidze,Marvin Vettori,0.5230451504646116,-110
2025-03-15,UFC Fight Night: Vettori vs. Dolidze 2,Marvin Vettori vs. Roman Dolidze,Roman Dolidze,0.47695484953538825,110
2025-05-31,UFC Fight Night: Blanchfield vs. Barber,Mateusz Gamrot vs. Ludovit Klein,Mateusz Gamrot,0.34058782254451564,194
2025-05-31,UFC Fight Night: Blanchfield vs. Barber,Mateusz Gamrot vs. Ludovit Klein,Ludovit Klein,0.6594121774554844,-194
2025-04-26,UFC Fight Night: Machado Garry vs. Prates,Matt Schnell vs. Jimmy Flick,Matt Schnell,0.5690365955639997,-132
2025-04-26,UFC Fight Night: Machado Garry vs. Prates,Matt Schnell vs. Jimmy Flick,Jimmy Flick,0.4309634044360004,132
2025-06-07,UFC 316: Dvalishvili vs. O'Malley 2,Merab Dvalishvili vs. Sean O'Malley,Merab Dvalishvili,0.6733946127142281,-206
2025-06-07,UFC 316: Dvalishvili vs. O'Malley 2,Merab Dvalishvili vs. Sean O'Malley,Sean O'Malley,0.32660538728577193,206
2025-01-18,UFC 311: Makhachev vs. Moicano,Merab Dvalishvili vs. Umar Nurmagomedov,Merab Dvalishvili,0.4917382757485807,103
2025-01-18,UFC 311: Makhachev vs. Moicano,Merab Dvalishvili vs. Umar Nurmagomedov,Umar Nurmagomedov,0.5082617242514192,-103
2025-04-12,UFC 314: Volkanovski vs. Lopes,Michael Chandler vs. Paddy Pimblett,Michael Chandler,0.29844742442391703,235
2025-04-12,UFC 314: Volkanovski vs. Lopes,Michael Chandler vs. Paddy Pimblett,Paddy Pimblett,0.701552575576083,-235
2025-06-14,UFC Fight Night: Usman vs. Buckley,Michael Chiesa vs. Court McGee,Michael Chiesa,0.6438467030765286,-181
2025-06-14,UFC Fight Night: Usman vs. Buckley,Michael Chiesa vs. Court McGee,Court McGee,0.3561532969234714,181
2025-04-26,UFC Fight Night: Machado Garry vs. Prates,Michel Pereira vs. Abus Magomedov,Michel Pereira,0.5719346381772161,-134
2025-04-26,UFC Fight Night: Machado Garry vs. Prates,Michel Pereira vs. Abus Magomedov,Abus Magomedov,0.4280653618227838,134
2025-05-10,UFC 315: Muhammad vs. Della Maddalena,Mike Malott vs. Charles Radtke,Mike Malott,0.5461609048673878,-120
2025-05-10,UFC 315: Muhammad vs. Della Maddalena,Mike Malott vs. Charles Radtke,Charles Radtke,0.4538390951326122,120
2025-05-10,UFC 315: Muhammad vs. Della Maddalena,Modestas Bukauskas vs. Ion Cutelaba,Modestas Bukauskas,0.4708737661807766,112
2025-05-10,UFC 315: Muhammad vs. Della Maddalena,Modestas Bukauskas vs. Ion Cutelaba,Ion Cutelaba,0.5291262338192234,-112
2025-02-22,UFC Fight Night: Cejudo vs. Song,Modestas Bukauskas vs. Rafael Cerqueira,Modestas Bukauskas,0.6771435304650815,-210
2025-02-22,UFC Fight Night: Cejudo vs. Song,Modestas Bukauskas vs. Rafael Cerqueira,Rafael Cerqueira,0.3228564695349184,210
2025-05-03,UFC Fight Night: Sandhagen vs. Figueiredo,Montel Jackson vs. Daniel Marcos,Montel Jackson,0.7287401587523019,-269
2025-05-03,UFC Fight Night: Sandhagen vs. Figueiredo,Montel Jackson vs. Daniel Marcos,Daniel Marcos,0.2712598412476981,269
2025-06-21,UFC Fight Night: Hill vs. Rountree Jr.,Muhammad Naimov vs. Bogdan Grad,Muhammad Naimov,0.43248909689886206,131
2025-06-21,UFC Fight Night: Hill vs. Rountree Jr.,Muhammad Naimov vs. Bogdan Grad,Bogdan Grad,0.5675109031011379,-131
2025-02-01,UFC Fight Night: Adesanya vs. Imavov,Muhammad Naimov vs. Kaan Ofli,Muhammad Naimov,0.5833085722620345,-140
2025-02-01,UFC Fight Night: Adesanya vs. Imavov,Muhammad Naimov vs. Kaan Ofli,Kaan Ofli,0.41669142773796547,140
2025-03-01,UFC Fight Night: Kape vs. Almabayev,Nasrat Haqparast vs. Esteban Ribovics,Nasrat Haqparast,0.5219339945911995,-109
2025-03-01,UFC Fight Night: Kape vs. Almabayev,Nasrat Haqparast vs. Esteban Ribovics,Esteban Ribovics,0.4780660054088005,109
2025-03-22,UFC Fight Night: Edwards vs. Brady,Nathan Fletcher vs. Caolan Loughran,Nathan Fletcher,0.6893451364482585,-222
2025-03-22,UFC Fight Night: Edwards vs. Brady,Nathan Fletcher vs. Caolan Loughran,Caolan Loughran,0.3106548635517415,222
2025-03-22,UFC Fight Night: Edwards vs. Brady,Nathaniel Wood vs. Morgan Charriere,Nathaniel Wood,0.4743927774060776,111
2025-03-22,UFC Fight Night: Edwards vs. Brady,Nathaniel Wood vs. Morgan Charriere,Morgan Charriere,0.5256072225939223,-111
2025-05-10,UFC 315: Muhammad vs. Della Maddalena,Navajo Stirling vs. Ivan Erslan,Navajo Stirling,0.6293897553513931,-170
2025-05-10,UFC 315: Muhammad vs. Della Maddalena,Navajo Stirling vs. Ivan Erslan,Ivan Erslan,0.37061024464860703,170
2025-06-21,UFC Fight Night: Hill vs. Rountree Jr.,Nazim Sadykhov vs. Nikolas Motta,Nazim Sadykhov,0.45953343617557896,118
2025-06-21,UFC Fight Night: Hill vs. Rountree Jr.,Nazim Sadykhov vs. Nikolas Motta,Nikolas Motta,0.540466563824421,-118
2025-04-12,UFC 314: Volkanovski vs. Lopes,Nikita Krylov vs. Dominick Reyes,Nikita Krylov,0.6338971867798516,-173
2025-04-12,UFC 314: Volkanovski vs. Lopes,Nikita Krylov vs. Dominick Reyes,Dominick Reyes,0.3661028132201483,173
2025-06-28,UFC 317: Topuria vs. Oliveira,Niko Price vs. Jacobe Smith,Niko Price,0.3274274854038543,205
2025-06-28,UFC 317: Topuria vs. Oliveira,Niko Price vs. Jacobe Smith,Jacobe Smith,0.6725725145961456,-205
2025-01-11,UFC Fight Night: Dern vs. Ribas 2,Nurullo Aliev vs. Joe Solecki,Nurullo Aliev,0.6476951262144731,-184
2025-01-11,UFC Fight Night: Dern vs. Ribas 2,Nurullo Aliev vs. Joe Solecki,Joe Solecki,0.35230487378552683,184
2025-04-05,UFC Fight Night: Emmett vs. Murphy,Pat Sabatini vs. Joanderson Brito,Pat Sabatini,0.41353323490106075,142
2025-04-05,UFC Fight Night: Emmett vs. Murphy,Pat Sabatini vs. Joanderson Brito,Joanderson Brito,0.5864667650989392,-142
2025-06-28,UFC 317: Topuria vs. Oliveira,Payton Talbott vs. Felipe Lima,Payton Talbott,0.43161531577756806,132
2025-06-28,UFC 317: Topuria vs. Oliveira,Payton Talbott vs. Felipe Lima,Felipe Lima,0.5683846842224318,-132
2025-01-18,UFC 311: Makhachev vs. Moicano,Payton Talbott vs. Raoni Barcelos,Payton Talbott,0.7588751436926734,-315
2025-01-18,UFC 311: Makhachev vs. Moicano,Payton Talbott vs. Raoni Barcelos,Raoni Barcelos,0.24112485630732663,315
2025-06-14,UFC Fight Night: Usman vs. Buckley,Phil Rowe vs. Ange Loosa,Phil Rowe,0.48847295821653053,105
2025-06-14,UFC Fight Night: Usman vs. Buckley,Phil Rowe vs. Ange Loosa,Ange Loosa,0.5115270417834695,-105
2025-01-11,UFC Fight Night: Dern vs. Ribas 2,Punahele Soriano vs. Uros Medic,Punahele Soriano,0.4036443448255756,148
2025-01-11,UFC Fight Night: Dern vs. Ribas 2,Punahele Soriano vs. Uros Medic,Uros Medic,0.5963556551744243,-148
2025-06-07,UFC 316: Dvalishvili vs. O'Malley 2,Quillan Salkilld vs. Yanal Ashmouz,Quillan Salkilld,0.7198340932908833,-257
2025-06-07,UFC 316: Dvalishvili vs. O'Malley 2,Quillan Salkilld vs. Yanal Ashmouz,Yanal Ashmouz,0.2801659067091167,257
2025-03-29,UFC Fight Night: Moreno vs. Erceg,Rafa Garcia vs. Vinc Pichel,Rafa Garcia,0.6699880260190778,-203
2025-03-29,UFC Fight Night: Moreno vs. Erceg,Rafa Garcia vs. Vinc Pichel,Vinc Pichel,0.33001197398092214,203
2025-02-15,UFC Fight Night: Cannonier vs. Rodrigues,Rafael Estevam vs. Jesus Aguilar,Rafael Estevam,0.4060189623524748,146
2025-02-15,UFC Fight Night: Cannonier vs. Rodrigues,Rafael Estevam vs. Jesus Aguilar,Jesus Aguilar,0.5939810376475252,-146
2025-06-21,UFC Fight Night: Hill vs. Rountree Jr.,Rafael Fiziev vs. Ignacio Bahamondes,Rafael Fiziev,0.31132906937168553,221
2025-06-21,UFC Fight Night: Hill vs. Rountree Jr.,Rafael Fiziev vs. Ignacio Bahamondes,Ignacio Bahamondes,0.6886709306283144,-221
2025-04-26,UFC Fight Night: Machado Garry vs. Prates,Randy Brown vs. Nicolas Dalby,Randy Brown,0.714360856043038,-250
2025-04-26,UFC Fight Night: Machado Garry vs. Prates,Randy Brown vs. Nicolas Dalby,Nicolas Dalby,0.28563914395696205,250
2025-03-29,UFC Fight Night: Moreno vs. Erceg,Raul Rosas Jr. vs. Vince Morales,Raul Rosas Jr.,0.826828849829467,-477
2025-03-29,UFC Fight Night: Moreno vs. Erceg,Raul Rosas Jr. vs. Vince Morales,Vince Morales,0.17317115017053297,477
2025-05-03,UFC Fight Night: Sandhagen vs. Figueiredo,Reinier de Ridder vs. Bo Nickal,Reinier de Ridder,0.4476136829302298,123
2025-05-03,UFC Fight Night: Sandhagen vs. Figueiredo,Reinier de Ridder vs. Bo Nickal,Bo Nickal,0.5523863170697703,-123
2025-03-01,UFC Fight Night: Kape vs. Almabayev,Ricardo Ramos vs. Chepe Mariscal,Ricardo Ramos,0.28207858192080654,255
2025-03-01,UFC Fight Night: Kape vs. Almabayev,Ricardo Ramos vs. Chepe Mariscal,Chepe Mariscal,0.7179214180791935,-255
2025-06-14,UFC Fight Night: Usman vs. Buckley,Ricky Simon vs. Cameron Smotherman,Ricky Simon,0.4885611691938007,105
2025-06-14,UFC Fight Night: Usman vs. Buckley,Ricky Simon vs. Cameron Smotherman,Cameron Smotherman,0.5114388308061993,-105
2025-02-22,UFC Fight Night: Cejudo vs. Song,Ricky Simon vs. Javid Basharat,Ricky Simon,0.49454278472819035,102
2025-02-22,UFC Fight Night: Cejudo vs. Song,Ricky Simon vs. Javid Basharat,Javid Basharat,0.5054572152718095,-102
2025-01-18,UFC 311: Makhachev vs. Moicano,Ricky Turcios vs. Benardo Sopaj,Ricky Turcios,0.4042546810865836,147
2025-01-18,UFC 311: Makhachev vs. Moicano,Ricky Turcios vs. Benardo Sopaj,Benardo Sopaj,0.5957453189134165,-147
2025-01-18,UFC 311: Makhachev vs. Moicano,Rinya Nakamura vs. Muin Gafurov,Rinya Nakamura,0.615637998469323,-160
2025-01-18,UFC 311: Makhachev vs. Moicano,Rinya Nakamura vs. Muin Gafurov,Muin Gafurov,0.38436200153067696,160
2025-02-22,UFC Fight Night: Cejudo vs. Song,Rob Font vs. Jean Matsumoto,Rob Font,0.49480938867561663,102
2025-02-22,UFC Fight Night: Cejudo vs. Song,Rob Font vs. Jean Matsumoto,Jean Matsumoto,0.5051906113243833,-102
2025-02-15,UFC Fight Night: Cannonier vs. Rodrigues,Rodolfo Vieira vs. Andre Petroski,Rodolfo Vieira,0.3384204415238053,195
2025-02-15,UFC Fight Night: Cannonier vs. Rodrigues,Rodolfo Vieira vs. Andre Petroski,Andre Petroski,0.6615795584761947,-195
2025-03-29,UFC Fight Night: Moreno vs. Erceg,Ronaldo Rodriguez vs. Kevin Borjas,Ronaldo Rodriguez,0.5884086327830798,-143
2025-03-29,UFC Fight Night: Moreno vs. Erceg,Ronaldo Rodriguez vs. Kevin Borjas,Kevin Borjas,0.41159136721692025,143
2025-05-03,UFC Fight Night: Sandhagen vs. Figueiredo,Ryan Loder vs. Azamat Bekoev,Ryan Loder,0.4536226515959275,120
2025-05-03,UFC Fight Night: Sandhagen vs. Figueiredo,Ryan Loder vs. Azamat Bekoev,Azamat Bekoev,0.5463773484040725,-120
2025-02-01,UFC Fight Night: Adesanya vs. Imavov,Said Nurmagomedov vs. Vinicius Oliveira,Said Nurmagomedov,0.5004517231210239,-100
2025-02-01,UFC Fight Night: Adesanya vs. Imavov,Said Nurmagomedov vs. Vinicius Oliveira,Vinicius Oliveira,0.49954827687897596,100
2025-01-11,UFC Fight Night: Dern vs. Ribas 2,Santiago Ponzinibbio vs. Carlston Harris,Santiago Ponzinibbio,0.5090045690662236,-104
2025-01-11,UFC Fight Night: Dern vs. Ribas 2,Santiago Ponzinibbio vs. Carlston Harris,Carlston Harris,0.4909954309337764,104
2025-05-03,UFC Fight Night: Sandhagen vs. Figueiredo,Santiago Ponzinibbio vs. Daniel Rodriguez,Santiago Ponzinibbio,0.5054503804900448,-102
2025-05-03,UFC Fight Night: Sandhagen vs. Figueiredo,Santiago Ponzinibbio vs. Daniel Rodriguez,Daniel Rodriguez,0.4945496195099552,102
2025-04-12,UFC 314: Volkanovski vs. Lopes,Sedriques Dumas vs. Michal Oleksiejczuk,Sedriques Dumas,0.5969386656077299,-148
2025-04-12,UFC 314: Volkanovski vs. Lopes,Sedriques Dumas vs. Michal Oleksiejczuk,Michal Oleksiejczuk,0.40306133439227015,148
2025-02-01,UFC Fight Night: Adesanya vs. Imavov,Sergei Pavlovich vs. Jairzinho Rozenstruik,Sergei Pavlovich,0.6121967819836758,-158
2025-02-01,UFC Fight Night: Adesanya vs. Imavov,Sergei Pavlovich vs. Jairzinho Rozenstruik,Jairzinho Rozenstruik,0.3878032180163242,158
2025-06-07,UFC 316: Dvalishvili vs. O'Malley 2,Serghei Spivac vs. Waldo Cortes-Acosta,Serghei Spivac,0.5343009384309074,-115
2025-06-07,UFC 316: Dvalishvili vs. O'Malley 2,Serghei Spivac vs. Waldo Cortes-Acosta,Waldo Cortes-Acosta,0.4656990615690925,115
2025-02-01,UFC Fight Night: Adesanya vs. Imavov,Shamil Gaziev vs. Thomas Petersen,Shamil Gaziev,0.42938858253482604,133
2025-02-01,UFC Fight Night: Adesanya vs. Imavov,Shamil Gaziev vs. Thomas Petersen,Thomas Petersen,0.570611417465174,-133
2025-02-01,UFC Fight Night: Adesanya vs. Imavov,Shara Magomedov vs. Michael Page,Shara Magomedov,0.5410738443738403,-118
2025-02-01,UFC Fight Night: Adesanya vs. Imavov,Shara Magomedov vs. Michael Page,Michael Page,0.4589261556261597,118
2025-05-17,UFC Fight Night: Burns vs. Morales,Sodiq Yusuff vs. Mairon Santos,Sodiq Yusuff,0.336603361577784,197
2025-05-17,UFC Fight Night: Burns vs. Morales,Sodiq Yusuff vs. Mairon Santos,Mairon Santos,0.663396638422216,-197
2025-03-15,UFC Fight Night: Vettori vs. Dolidze 2,SuYoung You vs. AJ Cunningham,SuYoung You,0.7731795471958535,-341
2025-03-15,UFC Fight Night: Vettori vs. Dolidze 2,SuYoung You vs. AJ Cunningham,AJ Cunningham,0.2268204528041465,341
2025-04-12,UFC 314: Volkanovski vs. Lopes,Sumudaerji vs. Mitch Raposo,Sumudaerji,0.5446246144569525,-120
2025-04-12,UFC 314: Volkanovski vs. Lopes,Sumudaerji vs. Mitch Raposo,Mitch Raposo,0.45537538554304746,120
2025-06-21,UFC Fight Night: Hill vs. Rountree Jr.,Tagir Ulanbekov vs. Azat Maksum,Tagir Ulanbekov,0.5500371066822531,-122
2025-06-21,UFC Fight Night: Hill vs. Rountree Jr.,Tagir Ulanbekov vs. Azat Maksum,Azat Maksum,0.4499628933177468,122
2025-01-18,UFC 311: Makhachev vs. Moicano,Tagir Ulanbekov vs. Clayton Carpenter,Tagir Ulanbekov,0.3898465461660749,157
2025-01-18,UFC 311: Makhachev vs. Moicano,Tagir Ulanbekov vs. Clayton Carpenter,Clayton Carpenter,0.610153453833925,-157
2025-02-01,UFC Fight Night: Adesanya vs. Imavov,Terrance McKinney vs. Damir Hadzovic,Terrance McKinney,0.7853963342255058,-366
2025-02-01,UFC Fight Night: Adesanya vs. Imavov,Terrance McKinney vs. Damir Hadzovic,Damir Hadzovic,0.21460366577449413,366
2025-06-28,UFC 317: Topuria vs. Oliveira,Terrance McKinney vs. Viacheslav Borshchev,Terrance McKinney,0.6928487702786176,-226
2025-06-28,UFC 317: Topuria vs. Oliveira,Terrance McKinney vs. Viacheslav Borshchev,Viacheslav Borshchev,0.30715122972138237,226
2025-01-11,UFC Fight Night: Dern vs. Ribas 2,Thiago Moises vs. Trey Ogden,Thiago Moises,0.5183962460356958,-108
2025-01-11,UFC Fight Night: Dern vs. Ribas 2,Thiago Moises vs. Trey Ogden,Trey Ogden,0.4816037539643042,108
2025-05-03,UFC Fight Night: Sandhagen vs. Figueiredo,Thomas Petersen vs. Don'Tale Mayes,Thomas Petersen,0.6332003161030657,-173
2025-05-03,UFC Fight Night: Sandhagen vs. Figueiredo,Thomas Petersen vs. Don'Tale Mayes,Don'Tale Mayes,0.36679968389693424,173
2025-04-26,UFC Fight Night: Machado Garry vs. Prates,Timmy Cuamba vs. Roberto Romero,Timmy Cuamba,0.5298713690548159,-113
2025-04-26,UFC Fight Night: Machado Garry vs. Prates,Timmy Cuamba vs. Roberto Romero,Roberto Romero,0.4701286309451841,113
2025-02-08,UFC 312: Du Plessis vs. Strickland 2,Tom Nolan vs. Viacheslav Borshchev,Tom Nolan,0.6424824788502739,-180
2025-02-08,UFC 312: Du Plessis vs. Strickland 2,Tom Nolan vs. Viacheslav Borshchev,Viacheslav Borshchev,0.35751752114972607,180
2025-04-12,UFC 314: Volkanovski vs. Lopes,Tresean Gore vs. Marco Tulio,Tresean Gore,0.44601137471557634,124
2025-04-12,UFC 314: Volkanovski vs. Lopes,Tresean Gore vs. Marco Tulio,Marco Tulio,0.5539886252844236,-124
2025-06-07,UFC 316: Dvalishvili vs. O'Malley 2,Vicente Luque vs. Kevin Holland,Vicente Luque,0.5276359329502961,-112
2025-06-07,UFC 316: Dvalishvili vs. O'Malley 2,Vicente Luque vs. Kevin Holland,Kevin Holland,0.472364067049704,112
2025-04-05,UFC Fight Night: Emmett vs. Murphy,Victor Henry vs. Pedro Falcao,Victor Henry,0.5299617024541188,-113
2025-04-05,UFC Fight Night: Emmett vs. Murphy,Victor Henry vs. Pedro Falcao,Pedro Falcao,0.4700382975458813,113
2025-03-15,UFC Fight Night: Vettori vs. Dolidze 2,Waldo Cortes-Acosta vs. Ryan Spann,Waldo Cortes-Acosta,0.6027738735473177,-152
2025-03-15,UFC Fight Night: Vettori vs. Dolidze 2,Waldo Cortes-Acosta vs. Ryan Spann,Ryan Spann,0.39722612645268235,152
2025-05-31,UFC Fight Night: Blanchfield vs. Barber,Zachary Reese vs. Dusko Todorovic,Zachary Reese,0.641402211179395,-179
2025-05-31,UFC Fight Night: Blanchfield vs. Barber,Zachary Reese vs. Dusko Todorovic,Dusko Todorovic,0.3585977888206049,179
