DATE,EVENT,BOUT,FIGHTER,odds
2024-10-26,UFC 308: Topuria vs. Holloway,Abus Magomedov vs. Brunno Ferreira,Abus Magomedov,160
2024-10-26,UFC 308: Topuria vs. Holloway,Abus Magomedov vs. Brunno Ferreira,Brunno Ferreira,-160
2024-12-14,UFC Fight Night: Covington vs. Buckley,Adrian Yanez vs. Daniel Marcos,Adrian Yanez,-102
2024-12-14,UFC Fight Night: Covington vs. Buckley,Adrian Yanez vs. Daniel Marcos,Daniel Marcos,102
2024-11-02,UFC Fight Night: Moreno vs. Albazi,Aiemann Zahabi vs. Pedro Munhoz,Aiemann Zahabi,-136
2024-11-02,UFC Fight Night: Moreno vs. Albazi,Aiemann Zahabi vs. Pedro Munhoz,Pedro Munhoz,136
2025-03-08,UFC 313: Pereira vs. Ankalaev,Alex Morono vs. Carlos Leal,Alex Morono,118
2025-03-08,UFC 313: Pereira vs. Ankalaev,Alex Morono vs. Carlos Leal,Carlos Leal,-118
2024-10-05,UFC 307: Pereira vs. Rountree Jr.,Alex Pereira vs. Khalil Rountree Jr.,Alex Pereira,-260
2024-10-05,UFC 307: Pereira vs. Rountree Jr.,Alex Pereira vs. Khalil Rountree Jr.,Khalil Rountree Jr.,260
2025-03-08,UFC 313: Pereira vs. Ankalaev,Alex Pereira vs. Magomed Ankalaev,Alex Pereira,141
2025-03-08,UFC 313: Pereira vs. Ankalaev,Alex Pereira vs. Magomed Ankalaev,Magomed Ankalaev,-141
2025-09-13,UFC Fight Night: Lopes vs. Silva,Alexander Hernandez vs. Diego Ferreira,Alexander Hernandez,-123
2025-09-13,UFC Fight Night: Lopes vs. Silva,Alexander Hernandez vs. Diego Ferreira,Diego Ferreira,123
2025-03-15,UFC Fight Night: Vettori vs. Dolidze 2,Alexander Hernandez vs. Kurt Holobaugh,Alexander Hernandez,-138
2025-03-15,UFC Fight Night: Vettori vs. Dolidze 2,Alexander Hernandez vs. Kurt Holobaugh,Kurt Holobaugh,138
2025-04-12,UFC 314: Volkanovski vs. Lopes,Alexander Volkanovski vs. Diego Lopes,Alexander Volkanovski,-183
2025-04-12,UFC 314: Volkanovski vs. Lopes,Alexander Volkanovski vs. Diego Lopes,Diego Lopes,183
2024-11-02,UFC Fight Night: Moreno vs. Albazi,Alexandr Romanov vs. Rodrigo Nascimento,Alexandr Romanov,-176
2024-11-02,UFC Fight Night: Moreno vs. Albazi,Alexandr Romanov vs. Rodrigo Nascimento,Rodrigo Nascimento,176
2025-06-28,UFC 317: Topuria vs. Oliveira,Alexandre Pantoja vs. Kai Kara-France,Alexandre Pantoja,-155
2025-06-28,UFC 317: Topuria vs. Oliveira,Alexandre Pantoja vs. Kai Kara-France,Kai Kara-France,155
2025-06-14,UFC Fight Night: Usman vs. Buckley,Alonzo Menifield vs. Oumar Sy,Alonzo Menifield,182
2025-06-14,UFC Fight Night: Usman vs. Buckley,Alonzo Menifield vs. Oumar Sy,Oumar Sy,-182
2025-08-09,UFC Fight Night: Dolidze vs. Hernandez,Andre Fili vs. Christian Rodriguez,Andre Fili,285
2025-08-09,UFC Fight Night: Dolidze vs. Hernandez,Andre Fili vs. Christian Rodriguez,Christian Rodriguez,-285
2025-02-22,UFC Fight Night: Cejudo vs. Song,Andre Fili vs. Melquizael Costa,Andre Fili,219
2025-02-22,UFC Fight Night: Cejudo vs. Song,Andre Fili vs. Melquizael Costa,Melquizael Costa,-219
2025-09-06,UFC Fight Night: Imavov vs. Borralho,Andreas Gustafsson vs. Rinat Fakhretdinov,Andreas Gustafsson,116
2025-09-06,UFC Fight Night: Imavov vs. Borralho,Andreas Gustafsson vs. Rinat Fakhretdinov,Rinat Fakhretdinov,-116
2024-10-19,UFC Fight Night: Hernandez vs. Pereira,Anthony Hernandez vs. Michel Pereira,Anthony Hernandez,141
2024-10-19,UFC Fight Night: Hernandez vs. Pereira,Anthony Hernandez vs. Michel Pereira,Michel Pereira,-141
2025-04-26,UFC Fight Night: Machado Garry vs. Prates,Anthony Smith vs. Zhang Mingyang,Anthony Smith,309
2025-04-26,UFC Fight Night: Machado Garry vs. Prates,Anthony Smith vs. Zhang Mingyang,Zhang Mingyang,-309
2025-07-26,UFC Fight Night: Whittaker vs. De Ridder,Asu Almabayev vs. Jose Ochoa,Asu Almabayev,-123
2025-07-26,UFC Fight Night: Whittaker vs. De Ridder,Asu Almabayev vs. Jose Ochoa,Jose Ochoa,123
2025-07-19,UFC 318: Holloway vs. Poirier 3,Ateba Gautier vs. Robert Valentin,Ateba Gautier,-173
2025-07-19,UFC 318: Holloway vs. Poirier 3,Ateba Gautier vs. Robert Valentin,Robert Valentin,173
2024-10-19,UFC Fight Night: Hernandez vs. Pereira,Austen Lane vs. Robelis Despaigne,Austen Lane,130
2024-10-19,UFC Fight Night: Hernandez vs. Pereira,Austen Lane vs. Robelis Despaigne,Robelis Despaigne,-130
2024-10-05,UFC 307: Pereira vs. Rountree Jr.,Austin Hubbard vs. Alexander Hernandez,Austin Hubbard,111
2024-10-05,UFC 307: Pereira vs. Rountree Jr.,Austin Hubbard vs. Alexander Hernandez,Alexander Hernandez,-111
2025-06-07,UFC 316: Dvalishvili vs. O'Malley 2,Azamat Murzakanov vs. Brendson Ribeiro,Azamat Murzakanov,-119
2025-06-07,UFC 316: Dvalishvili vs. O'Malley 2,Azamat Murzakanov vs. Brendson Ribeiro,Brendson Ribeiro,119
2024-11-16,UFC 309: Jones vs. Miocic,Bassil Hafez vs. Oban Elliott,Bassil Hafez,194
2024-11-16,UFC 309: Jones vs. Miocic,Bassil Hafez vs. Oban Elliott,Oban Elliott,-194
2025-05-10,UFC 315: Muhammad vs. Della Maddalena,Belal Muhammad vs. Jack Della Maddalena,Belal Muhammad,108
2025-05-10,UFC 315: Muhammad vs. Della Maddalena,Belal Muhammad vs. Jack Della Maddalena,Jack Della Maddalena,-108
2025-06-28,UFC 317: Topuria vs. Oliveira,Beneil Dariush vs. Renato Moicano,Beneil Dariush,-128
2025-06-28,UFC 317: Topuria vs. Oliveira,Beneil Dariush vs. Renato Moicano,Renato Moicano,128
2025-05-10,UFC 315: Muhammad vs. Della Maddalena,Benoit Saint Denis vs. Kyle Prepolec,Benoit Saint Denis,-346
2025-05-10,UFC 315: Muhammad vs. Della Maddalena,Benoit Saint Denis vs. Kyle Prepolec,Kyle Prepolec,346
2025-09-06,UFC Fight Night: Imavov vs. Borralho,Benoit Saint Denis vs. Mauricio Ruffy,Benoit Saint Denis,-144
2025-09-06,UFC Fight Night: Imavov vs. Borralho,Benoit Saint Denis vs. Mauricio Ruffy,Mauricio Ruffy,144
2025-05-31,UFC Fight Night: Blanchfield vs. Barber,Billy Ray Goff vs. Ramiz Brahimaj,Billy Ray Goff,-179
2025-05-31,UFC Fight Night: Blanchfield vs. Barber,Billy Ray Goff vs. Ramiz Brahimaj,Ramiz Brahimaj,179
2024-11-16,UFC 309: Jones vs. Miocic,Bo Nickal vs. Paul Craig,Bo Nickal,-274
2024-11-16,UFC 309: Jones vs. Miocic,Bo Nickal vs. Paul Craig,Paul Craig,274
2024-09-28,UFC Fight Night: Moicano vs. Saint Denis,Bolaji Oki vs. Chris Duncan,Bolaji Oki,-106
2024-09-28,UFC Fight Night: Moicano vs. Saint Denis,Bolaji Oki vs. Chris Duncan,Chris Duncan,106
2025-09-06,UFC Fight Night: Imavov vs. Borralho,Bolaji Oki vs. Mason Jones,Bolaji Oki,-132
2025-09-06,UFC Fight Night: Imavov vs. Borralho,Bolaji Oki vs. Mason Jones,Mason Jones,132
2025-05-10,UFC 315: Muhammad vs. Della Maddalena,Brad Katona vs. Bekzat Almakhan,Brad Katona,105
2025-05-10,UFC 315: Muhammad vs. Della Maddalena,Brad Katona vs. Bekzat Almakhan,Bekzat Almakhan,-105
2024-10-19,UFC Fight Night: Hernandez vs. Pereira,Brad Katona vs. Jean Matsumoto,Brad Katona,236
2024-10-19,UFC Fight Night: Hernandez vs. Pereira,Brad Katona vs. Jean Matsumoto,Jean Matsumoto,-236
2025-04-05,UFC Fight Night: Emmett vs. Murphy,Brad Tavares vs. Gerald Meerschaert,Brad Tavares,143
2025-04-05,UFC Fight Night: Emmett vs. Murphy,Brad Tavares vs. Gerald Meerschaert,Gerald Meerschaert,-143
2024-10-12,UFC Fight Night: Royval vs. Taira,Brad Tavares vs. JunYong Park,Brad Tavares,360
2024-10-12,UFC Fight Night: Royval vs. Taira,Brad Tavares vs. JunYong Park,JunYong Park,-360
2025-09-06,UFC Fight Night: Imavov vs. Borralho,Brad Tavares vs. Robert Bryczek,Brad Tavares,106
2025-09-06,UFC Fight Night: Imavov vs. Borralho,Brad Tavares vs. Robert Bryczek,Robert Bryczek,-106
2024-11-02,UFC Fight Night: Moreno vs. Albazi,Brandon Moreno vs. Amir Albazi,Brandon Moreno,-141
2024-11-02,UFC Fight Night: Moreno vs. Albazi,Brandon Moreno vs. Amir Albazi,Amir Albazi,141
2025-03-29,UFC Fight Night: Moreno vs. Erceg,Brandon Moreno vs. Steve Erceg,Brandon Moreno,-204
2025-03-29,UFC Fight Night: Moreno vs. Erceg,Brandon Moreno vs. Steve Erceg,Steve Erceg,204
2025-06-28,UFC 317: Topuria vs. Oliveira,Brandon Royval vs. Joshua Van,Brandon Royval,167
2025-06-28,UFC 317: Topuria vs. Oliveira,Brandon Royval vs. Joshua Van,Joshua Van,-167
2024-10-12,UFC Fight Night: Royval vs. Taira,Brandon Royval vs. Tatsuro Taira,Brandon Royval,173
2024-10-12,UFC Fight Night: Royval vs. Taira,Brandon Royval vs. Tatsuro Taira,Tatsuro Taira,-173
2025-02-22,UFC Fight Night: Cejudo vs. Song,Brendan Allen vs. Anthony Hernandez,Brendan Allen,162
2025-02-22,UFC Fight Night: Cejudo vs. Song,Brendan Allen vs. Anthony Hernandez,Anthony Hernandez,-162
2025-03-08,UFC 313: Pereira vs. Ankalaev,Brunno Ferreira vs. Armen Petrosyan,Brunno Ferreira,-113
2025-03-08,UFC 313: Pereira vs. Ankalaev,Brunno Ferreira vs. Armen Petrosyan,Armen Petrosyan,113
2025-06-07,UFC 316: Dvalishvili vs. O'Malley 2,Bruno Silva vs. Joshua Van,Bruno Silva,478
2025-06-07,UFC 316: Dvalishvili vs. O'Malley 2,Bruno Silva vs. Joshua Van,Joshua Van,-478
2025-04-12,UFC 314: Volkanovski vs. Lopes,Bryce Mitchell vs. Jean Silva,Bryce Mitchell,138
2025-04-12,UFC 314: Volkanovski vs. Lopes,Bryce Mitchell vs. Jean Silva,Jean Silva,-138
2024-12-07,UFC 310: Pantoja vs. Asakura,Bryce Mitchell vs. Kron Gracie,Bryce Mitchell,-328
2024-12-07,UFC 310: Pantoja vs. Asakura,Bryce Mitchell vs. Kron Gracie,Kron Gracie,328
2025-07-26,UFC Fight Night: Whittaker vs. De Ridder,Bryce Mitchell vs. Said Nurmagomedov,Bryce Mitchell,-113
2025-07-26,UFC Fight Night: Whittaker vs. De Ridder,Bryce Mitchell vs. Said Nurmagomedov,Said Nurmagomedov,113
2024-11-02,UFC Fight Night: Moreno vs. Albazi,Caio Machado vs. Brendson Ribeiro,Caio Machado,-105
2024-11-02,UFC Fight Night: Moreno vs. Albazi,Caio Machado vs. Brendson Ribeiro,Brendson Ribeiro,105
2025-07-12,UFC Fight Night: Lewis vs. Teixeira,Calvin Kattar vs. Steve Garcia,Calvin Kattar,288
2025-07-12,UFC Fight Night: Lewis vs. Teixeira,Calvin Kattar vs. Steve Garcia,Steve Garcia,-288
2025-02-15,UFC Fight Night: Cannonier vs. Rodrigues,Calvin Kattar vs. Youssef Zalal,Calvin Kattar,390
2025-02-15,UFC Fight Night: Cannonier vs. Rodrigues,Calvin Kattar vs. Youssef Zalal,Youssef Zalal,-390
2025-05-03,UFC Fight Night: Sandhagen vs. Figueiredo,Cameron Smotherman vs. Serhiy Sidey,Cameron Smotherman,-133
2025-05-03,UFC Fight Night: Sandhagen vs. Figueiredo,Cameron Smotherman vs. Serhiy Sidey,Serhiy Sidey,133
2025-01-11,UFC Fight Night: Dern vs. Ribas 2,Cesar Almeida vs. Abdul Razak Alhassan,Cesar Almeida,-275
2025-01-11,UFC Fight Night: Dern vs. Ribas 2,Cesar Almeida vs. Abdul Razak Alhassan,Abdul Razak Alhassan,275
2024-10-05,UFC 307: Pereira vs. Rountree Jr.,Cesar Almeida vs. Ihor Potieria,Cesar Almeida,-112
2024-10-05,UFC 307: Pereira vs. Rountree Jr.,Cesar Almeida vs. Ihor Potieria,Ihor Potieria,112
2024-11-02,UFC Fight Night: Moreno vs. Albazi,Chad Anheliger vs. Cody Gibson,Chad Anheliger,102
2024-11-02,UFC Fight Night: Moreno vs. Albazi,Chad Anheliger vs. Cody Gibson,Cody Gibson,-102
2025-08-23,UFC Fight Night: Walker vs. Zhang,Charles Johnson vs. Lone'er Kavanagh,Charles Johnson,148
2025-08-23,UFC Fight Night: Walker vs. Zhang,Charles Johnson vs. Lone'er Kavanagh,Lone'er Kavanagh,-148
2025-03-01,UFC Fight Night: Kape vs. Almabayev,Charles Johnson vs. Ramazan Temirov,Charles Johnson,138
2025-03-01,UFC Fight Night: Kape vs. Almabayev,Charles Johnson vs. Ramazan Temirov,Ramazan Temirov,-138
2024-10-19,UFC Fight Night: Hernandez vs. Pereira,Charles Johnson vs. Sumudaerji,Charles Johnson,-159
2024-10-19,UFC Fight Night: Hernandez vs. Pereira,Charles Johnson vs. Sumudaerji,Sumudaerji,159
2024-11-02,UFC Fight Night: Moreno vs. Albazi,Charles Jourdain vs. Victor Henry,Charles Jourdain,-126
2024-11-02,UFC Fight Night: Moreno vs. Albazi,Charles Jourdain vs. Victor Henry,Victor Henry,126
2024-11-16,UFC 309: Jones vs. Miocic,Charles Oliveira vs. Michael Chandler,Charles Oliveira,-250
2024-11-16,UFC 309: Jones vs. Miocic,Charles Oliveira vs. Michael Chandler,Michael Chandler,250
2025-08-16,UFC 319: Du Plessis vs. Chimaev,Chase Hooper vs. Alexander Hernandez,Chase Hooper,-335
2025-08-16,UFC 319: Du Plessis vs. Chimaev,Chase Hooper vs. Alexander Hernandez,Alexander Hernandez,335
2025-03-15,UFC Fight Night: Vettori vs. Dolidze 2,Chidi Njokuani vs. Elizeu Zaleski dos Santos,Chidi Njokuani,149
2025-03-15,UFC Fight Night: Vettori vs. Dolidze 2,Chidi Njokuani vs. Elizeu Zaleski dos Santos,Elizeu Zaleski dos Santos,-149
2024-10-12,UFC Fight Night: Royval vs. Taira,Chidi Njokuani vs. Jared Gooden,Chidi Njokuani,-116
2024-10-12,UFC Fight Night: Royval vs. Taira,Chidi Njokuani vs. Jared Gooden,Jared Gooden,116
2025-01-11,UFC Fight Night: Dern vs. Ribas 2,Chris Curtis vs. Roman Kopylov,Chris Curtis,134
2025-01-11,UFC Fight Night: Dern vs. Ribas 2,Chris Curtis vs. Roman Kopylov,Roman Kopylov,-134
2025-04-26,UFC Fight Night: Machado Garry vs. Prates,Chris Gutierrez vs. John Castaneda,Chris Gutierrez,-278
2025-04-26,UFC Fight Night: Machado Garry vs. Prates,Chris Gutierrez vs. John Castaneda,John Castaneda,278
2025-03-29,UFC Fight Night: Moreno vs. Erceg,Christian Rodriguez vs. Melquizael Costa,Christian Rodriguez,-105
2025-03-29,UFC Fight Night: Moreno vs. Erceg,Christian Rodriguez vs. Melquizael Costa,Melquizael Costa,105
2024-12-07,UFC 310: Pantoja vs. Asakura,Ciryl Gane vs. Alexander Volkov,Ciryl Gane,-123
2024-12-07,UFC 310: Pantoja vs. Asakura,Ciryl Gane vs. Alexander Volkov,Alexander Volkov,123
2025-09-13,UFC Fight Night: Lopes vs. Silva,Claudio Puelles vs. Joaquim Silva,Claudio Puelles,-211
2025-09-13,UFC Fight Night: Lopes vs. Silva,Claudio Puelles vs. Joaquim Silva,Joaquim Silva,211
2024-12-07,UFC 310: Pantoja vs. Asakura,Clay Guida vs. Chase Hooper,Clay Guida,587
2024-12-07,UFC 310: Pantoja vs. Asakura,Clay Guida vs. Chase Hooper,Chase Hooper,-587
2025-08-09,UFC Fight Night: Dolidze vs. Hernandez,Cody Brundage vs. Eric McConico,Cody Brundage,-186
2025-08-09,UFC Fight Night: Dolidze vs. Hernandez,Cody Brundage vs. Eric McConico,Eric McConico,186
2025-03-01,UFC Fight Night: Kape vs. Almabayev,Cody Brundage vs. Julian Marquez,Cody Brundage,-173
2025-03-01,UFC Fight Night: Kape vs. Almabayev,Cody Brundage vs. Julian Marquez,Julian Marquez,173
2025-06-14,UFC Fight Night: Usman vs. Buckley,Cody Durden vs. Jose Ochoa,Cody Durden,115
2025-06-14,UFC Fight Night: Usman vs. Buckley,Cody Durden vs. Jose Ochoa,Jose Ochoa,-115
2024-12-07,UFC 310: Pantoja vs. Asakura,Cody Durden vs. Joshua Van,Cody Durden,213
2024-12-07,UFC 310: Pantoja vs. Asakura,Cody Durden vs. Joshua Van,Joshua Van,-213
2025-06-14,UFC Fight Night: Usman vs. Buckley,Cody Garbrandt vs. Raoni Barcelos,Cody Garbrandt,128
2025-06-14,UFC Fight Night: Usman vs. Buckley,Cody Garbrandt vs. Raoni Barcelos,Raoni Barcelos,-128
2024-11-09,UFC Fight Night: Magny vs. Prates,Cody Stamann vs. Da'Mon Blackshear,Cody Stamann,149
2024-11-09,UFC Fight Night: Magny vs. Prates,Cody Stamann vs. Da'Mon Blackshear,Da'Mon Blackshear,-149
2024-12-14,UFC Fight Night: Covington vs. Buckley,Colby Covington vs. Joaquin Buckley,Colby Covington,152
2024-12-14,UFC Fight Night: Covington vs. Buckley,Colby Covington vs. Joaquin Buckley,Joaquin Buckley,-152
2025-04-05,UFC Fight Night: Emmett vs. Murphy,Cortavious Romious vs. ChangHo Lee,Cortavious Romious,118
2025-04-05,UFC Fight Night: Emmett vs. Murphy,Cortavious Romious vs. ChangHo Lee,ChangHo Lee,-118
2025-05-03,UFC Fight Night: Sandhagen vs. Figueiredo,Cory Sandhagen vs. Deiveson Figueiredo,Cory Sandhagen,-276
2025-05-03,UFC Fight Night: Sandhagen vs. Figueiredo,Cory Sandhagen vs. Deiveson Figueiredo,Deiveson Figueiredo,276
2024-10-05,UFC 307: Pereira vs. Rountree Jr.,Court McGee vs. Tim Means,Court McGee,254
2024-10-05,UFC 307: Pereira vs. Rountree Jr.,Court McGee vs. Tim Means,Tim Means,-254
2024-12-14,UFC Fight Night: Covington vs. Buckley,Cub Swanson vs. Billy Quarantillo,Cub Swanson,149
2024-12-14,UFC Fight Night: Covington vs. Buckley,Cub Swanson vs. Billy Quarantillo,Billy Quarantillo,-149
2025-04-26,UFC Fight Night: Machado Garry vs. Prates,Da'Mon Blackshear vs. Alatengheili,Da'Mon Blackshear,-182
2025-04-26,UFC Fight Night: Machado Garry vs. Prates,Da'Mon Blackshear vs. Alatengheili,Alatengheili,182
2025-03-15,UFC Fight Night: Vettori vs. Dolidze 2,Da'Mon Blackshear vs. Cody Gibson,Da'Mon Blackshear,-175
2025-03-15,UFC Fight Night: Vettori vs. Dolidze 2,Da'Mon Blackshear vs. Cody Gibson,Cody Gibson,175
2025-07-19,UFC 318: Holloway vs. Poirier 3,Dan Ige vs. Patricio Freire,Dan Ige,-145
2025-07-19,UFC 318: Holloway vs. Poirier 3,Dan Ige vs. Patricio Freire,Patricio Freire,145
2025-04-12,UFC 314: Volkanovski vs. Lopes,Dan Ige vs. Sean Woodson,Dan Ige,187
2025-04-12,UFC 314: Volkanovski vs. Lopes,Dan Ige vs. Sean Woodson,Sean Woodson,-187
2025-03-15,UFC Fight Night: Vettori vs. Dolidze 2,Daniel Barez vs. Andre Lima,Daniel Barez,259
2025-03-15,UFC Fight Night: Vettori vs. Dolidze 2,Daniel Barez vs. Andre Lima,Andre Lima,-259
2024-09-28,UFC Fight Night: Moicano vs. Saint Denis,Daniel Barez vs. Victor Altamirano,Daniel Barez,197
2024-09-28,UFC Fight Night: Moicano vs. Saint Denis,Daniel Barez vs. Victor Altamirano,Victor Altamirano,-197
2024-10-12,UFC Fight Night: Royval vs. Taira,Daniel Rodriguez vs. Alex Morono,Daniel Rodriguez,-121
2024-10-12,UFC Fight Night: Royval vs. Taira,Daniel Rodriguez vs. Alex Morono,Alex Morono,121
2025-05-10,UFC 315: Muhammad vs. Della Maddalena,Daniel Santos vs. JeongYeong Lee,Daniel Santos,-110
2025-05-10,UFC 315: Muhammad vs. Della Maddalena,Daniel Santos vs. JeongYeong Lee,JeongYeong Lee,110
2024-09-14,UFC 306: Riyadh Season Noche UFC,Daniel Zellhuber vs. Esteban Ribovics,Daniel Zellhuber,107
2024-09-14,UFC 306: Riyadh Season Noche UFC,Daniel Zellhuber vs. Esteban Ribovics,Esteban Ribovics,-107
2025-03-01,UFC Fight Night: Kape vs. Almabayev,Danny Barlow vs. Sam Patterson,Danny Barlow,116
2025-03-01,UFC Fight Night: Kape vs. Almabayev,Danny Barlow vs. Sam Patterson,Sam Patterson,-116
2025-08-02,UFC Fight Night: Taira vs. Park,Danny Silva vs. Kevin Vallejos,Danny Silva,104
2025-08-02,UFC Fight Night: Taira vs. Park,Danny Silva vs. Kevin Vallejos,Kevin Vallejos,-104
2025-03-01,UFC Fight Night: Kape vs. Almabayev,Danny Silva vs. Lucas Almeida,Danny Silva,-172
2025-03-01,UFC Fight Night: Kape vs. Almabayev,Danny Silva vs. Lucas Almeida,Lucas Almeida,172
2024-10-19,UFC Fight Night: Hernandez vs. Pereira,Darren Elkins vs. Daniel Pineda,Darren Elkins,-143
2024-10-19,UFC Fight Night: Hernandez vs. Pereira,Darren Elkins vs. Daniel Pineda,Daniel Pineda,143
2025-04-12,UFC 314: Volkanovski vs. Lopes,Darren Elkins vs. Julian Erosa,Darren Elkins,123
2025-04-12,UFC 314: Volkanovski vs. Lopes,Darren Elkins vs. Julian Erosa,Julian Erosa,-123
2025-07-26,UFC Fight Night: Whittaker vs. De Ridder,Davey Grant vs. Da'Mon Blackshear,Davey Grant,149
2025-07-26,UFC Fight Night: Whittaker vs. De Ridder,Davey Grant vs. Da'Mon Blackshear,Da'Mon Blackshear,-149
2024-12-14,UFC Fight Night: Covington vs. Buckley,Davey Grant vs. Ramon Taveras,Davey Grant,105
2024-12-14,UFC Fight Night: Covington vs. Buckley,Davey Grant vs. Ramon Taveras,Ramon Taveras,-105
2025-07-12,UFC Fight Night: Lewis vs. Teixeira,Derrick Lewis vs. Tallison Teixeira,Derrick Lewis,217
2025-07-12,UFC Fight Night: Lewis vs. Teixeira,Derrick Lewis vs. Tallison Teixeira,Tallison Teixeira,-217
2025-09-13,UFC Fight Night: Lopes vs. Silva,Diego Lopes vs. Jean Silva,Diego Lopes,122
2025-09-13,UFC Fight Night: Lopes vs. Silva,Diego Lopes vs. Jean Silva,Jean Silva,-122
2024-12-07,UFC 310: Pantoja vs. Asakura,Dominick Reyes vs. Anthony Smith,Dominick Reyes,-161
2024-12-07,UFC 310: Pantoja vs. Asakura,Dominick Reyes vs. Anthony Smith,Anthony Smith,161
2025-02-15,UFC Fight Night: Cannonier vs. Rodrigues,Don'Tale Mayes vs. Valter Walker,Don'Tale Mayes,205
2025-02-15,UFC Fight Night: Cannonier vs. Rodrigues,Don'Tale Mayes vs. Valter Walker,Valter Walker,-205
2025-08-16,UFC 319: Du Plessis vs. Chimaev,Dricus Du Plessis vs. Khamzat Chimaev,Dricus Du Plessis,107
2025-08-16,UFC 319: Du Plessis vs. Chimaev,Dricus Du Plessis vs. Khamzat Chimaev,Khamzat Chimaev,-107
2025-02-08,UFC 312: Du Plessis vs. Strickland 2,Dricus Du Plessis vs. Sean Strickland,Dricus Du Plessis,-113
2025-02-08,UFC 312: Du Plessis vs. Strickland 2,Dricus Du Plessis vs. Sean Strickland,Sean Strickland,113
2025-05-31,UFC Fight Night: Blanchfield vs. Barber,Dustin Jacoby vs. Bruno Lopes,Dustin Jacoby,149
2025-05-31,UFC Fight Night: Blanchfield vs. Barber,Dustin Jacoby vs. Bruno Lopes,Bruno Lopes,-149
2025-05-17,UFC Fight Night: Burns vs. Morales,Dustin Stoltzfus vs. Nursulton Ruziboev,Dustin Stoltzfus,136
2025-05-17,UFC Fight Night: Burns vs. Morales,Dustin Stoltzfus vs. Nursulton Ruziboev,Nursulton Ruziboev,-136
2025-03-29,UFC Fight Night: Moreno vs. Erceg,Edgar Chairez vs. CJ Vergara,Edgar Chairez,-136
2025-03-29,UFC Fight Night: Moreno vs. Erceg,Edgar Chairez vs. CJ Vergara,CJ Vergara,136
2024-09-14,UFC 306: Riyadh Season Noche UFC,Edgar Chairez vs. Joshua Van,Edgar Chairez,192
2024-09-14,UFC 306: Riyadh Season Noche UFC,Edgar Chairez vs. Joshua Van,Joshua Van,-192
2025-06-14,UFC Fight Night: Usman vs. Buckley,Edmen Shahbazyan vs. Andre Petroski,Edmen Shahbazyan,-160
2025-06-14,UFC Fight Night: Usman vs. Buckley,Edmen Shahbazyan vs. Andre Petroski,Andre Petroski,160
2025-02-15,UFC Fight Night: Cannonier vs. Rodrigues,Edmen Shahbazyan vs. Dylan Budka,Edmen Shahbazyan,-110
2025-02-15,UFC Fight Night: Cannonier vs. Rodrigues,Edmen Shahbazyan vs. Dylan Budka,Dylan Budka,110
2025-08-16,UFC 319: Du Plessis vs. Chimaev,Edson Barboza vs. Drakkar Klose,Edson Barboza,164
2025-08-16,UFC 319: Du Plessis vs. Chimaev,Edson Barboza vs. Drakkar Klose,Drakkar Klose,-164
2025-08-09,UFC Fight Night: Dolidze vs. Hernandez,Elijah Smith vs. Toshiomi Kazama,Elijah Smith,-358
2025-08-09,UFC Fight Night: Dolidze vs. Hernandez,Elijah Smith vs. Toshiomi Kazama,Toshiomi Kazama,358
2025-08-02,UFC Fight Night: Taira vs. Park,Elves Brener vs. Esteban Ribovics,Elves Brener,172
2025-08-02,UFC Fight Night: Taira vs. Park,Elves Brener vs. Esteban Ribovics,Esteban Ribovics,-172
2025-08-09,UFC Fight Night: Dolidze vs. Hernandez,Eryk Anders vs. Christian Leroy Duncan,Eryk Anders,253
2025-08-09,UFC Fight Night: Dolidze vs. Hernandez,Eryk Anders vs. Christian Leroy Duncan,Christian Leroy Duncan,-253
2024-09-28,UFC Fight Night: Moicano vs. Saint Denis,Fares Ziam vs. Matt Frevola,Fares Ziam,-220
2024-09-28,UFC Fight Night: Moicano vs. Saint Denis,Fares Ziam vs. Matt Frevola,Matt Frevola,220
2025-02-01,UFC Fight Night: Adesanya vs. Imavov,Fares Ziam vs. Mike Davis,Fares Ziam,-174
2025-02-01,UFC Fight Night: Adesanya vs. Imavov,Fares Ziam vs. Mike Davis,Mike Davis,174
2024-10-26,UFC 308: Topuria vs. Holloway,Farid Basharat vs. Victor Hugo,Farid Basharat,-169
2024-10-26,UFC 308: Topuria vs. Holloway,Farid Basharat vs. Victor Hugo,Victor Hugo,169
2025-07-19,UFC 318: Holloway vs. Poirier 3,Francisco Prado vs. Nikolay Veretennikov,Francisco Prado,-160
2025-07-19,UFC 318: Holloway vs. Poirier 3,Francisco Prado vs. Nikolay Veretennikov,Nikolay Veretennikov,160
2025-02-15,UFC Fight Night: Cannonier vs. Rodrigues,Gabriel Bonfim vs. Khaos Williams,Gabriel Bonfim,-177
2025-02-15,UFC Fight Night: Cannonier vs. Rodrigues,Gabriel Bonfim vs. Khaos Williams,Khaos Williams,177
2025-05-03,UFC Fight Night: Sandhagen vs. Figueiredo,Gaston Bolanos vs. Quang Le,Gaston Bolanos,-135
2025-05-03,UFC Fight Night: Sandhagen vs. Figueiredo,Gaston Bolanos vs. Quang Le,Quang Le,135
2025-08-16,UFC 319: Du Plessis vs. Chimaev,Geoff Neal vs. Carlos Prates,Geoff Neal,118
2025-08-16,UFC 319: Du Plessis vs. Chimaev,Geoff Neal vs. Carlos Prates,Carlos Prates,-118
2024-10-26,UFC 308: Topuria vs. Holloway,Geoff Neal vs. Rafael Dos Anjos,Geoff Neal,108
2024-10-26,UFC 308: Topuria vs. Holloway,Geoff Neal vs. Rafael Dos Anjos,Rafael Dos Anjos,-108
2025-08-16,UFC 319: Du Plessis vs. Chimaev,Gerald Meerschaert vs. Michal Oleksiejczuk,Gerald Meerschaert,192
2025-08-16,UFC 319: Du Plessis vs. Chimaev,Gerald Meerschaert vs. Michal Oleksiejczuk,Michal Oleksiejczuk,-192
2025-04-26,UFC Fight Night: Machado Garry vs. Prates,Giga Chikadze vs. David Onama,Giga Chikadze,129
2025-04-26,UFC Fight Night: Machado Garry vs. Prates,Giga Chikadze vs. David Onama,David Onama,-129
2025-05-17,UFC Fight Night: Burns vs. Morales,Gilbert Burns vs. Michael Morales,Gilbert Burns,254
2025-05-17,UFC Fight Night: Burns vs. Morales,Gilbert Burns vs. Michael Morales,Michael Morales,-254
2025-01-18,UFC 311: Makhachev vs. Moicano,Grant Dawson vs. Diego Ferreira,Grant Dawson,-215
2025-01-18,UFC 311: Makhachev vs. Moicano,Grant Dawson vs. Diego Ferreira,Diego Ferreira,215
2024-10-12,UFC Fight Night: Royval vs. Taira,Grant Dawson vs. Rafa Garcia,Grant Dawson,-147
2024-10-12,UFC Fight Night: Royval vs. Taira,Grant Dawson vs. Rafa Garcia,Rafa Garcia,147
2025-03-22,UFC Fight Night: Edwards vs. Brady,Gunnar Nelson vs. Kevin Holland,Gunnar Nelson,256
2025-03-22,UFC Fight Night: Edwards vs. Brady,Gunnar Nelson vs. Kevin Holland,Kevin Holland,-256
2025-03-22,UFC Fight Night: Edwards vs. Brady,Guram Kutateladze vs. Kaue Fernandes,Guram Kutateladze,221
2025-03-22,UFC Fight Night: Edwards vs. Brady,Guram Kutateladze vs. Kaue Fernandes,Kaue Fernandes,-221
2025-06-21,UFC Fight Night: Hill vs. Rountree Jr.,Hamdy Abdelwahab vs. Mohammed Usman,Hamdy Abdelwahab,-179
2025-06-21,UFC Fight Night: Hill vs. Rountree Jr.,Hamdy Abdelwahab vs. Mohammed Usman,Mohammed Usman,179
2025-02-22,UFC Fight Night: Cejudo vs. Song,Henry Cejudo vs. Song Yadong,Henry Cejudo,146
2025-02-22,UFC Fight Night: Cejudo vs. Song,Henry Cejudo vs. Song Yadong,Song Yadong,-146
2025-06-28,UFC 317: Topuria vs. Oliveira,Hyder Amil vs. Jose Delgado,Hyder Amil,125
2025-06-28,UFC 317: Topuria vs. Oliveira,Hyder Amil vs. Jose Delgado,Jose Delgado,-125
2025-03-01,UFC Fight Night: Kape vs. Almabayev,Hyder Amil vs. William Gomis,Hyder Amil,103
2025-03-01,UFC Fight Night: Kape vs. Almabayev,Hyder Amil vs. William Gomis,William Gomis,-103
2025-05-17,UFC Fight Night: Burns vs. Morales,HyunSung Park vs. Carlos Hernandez,HyunSung Park,-126
2025-05-17,UFC Fight Night: Burns vs. Morales,HyunSung Park vs. Carlos Hernandez,Carlos Hernandez,126
2025-04-26,UFC Fight Night: Machado Garry vs. Prates,Ian Machado Garry vs. Carlos Prates,Ian Machado Garry,-182
2025-04-26,UFC Fight Night: Machado Garry vs. Prates,Ian Machado Garry vs. Carlos Prates,Carlos Prates,182
2025-07-26,UFC Fight Night: Whittaker vs. De Ridder,Ibo Aslan vs. Billy Elekana,Ibo Aslan,-142
2025-07-26,UFC Fight Night: Whittaker vs. De Ridder,Ibo Aslan vs. Billy Elekana,Billy Elekana,142
2025-04-26,UFC Fight Night: Machado Garry vs. Prates,Ikram Aliskerov vs. Andre Muniz,Ikram Aliskerov,114
2025-04-26,UFC Fight Night: Machado Garry vs. Prates,Ikram Aliskerov vs. Andre Muniz,Andre Muniz,-114
2025-06-28,UFC 317: Topuria vs. Oliveira,Ilia Topuria vs. Charles Oliveira,Ilia Topuria,-120
2025-06-28,UFC 317: Topuria vs. Oliveira,Ilia Topuria vs. Charles Oliveira,Charles Oliveira,120
2024-10-26,UFC 308: Topuria vs. Holloway,Ilia Topuria vs. Max Holloway,Ilia Topuria,121
2024-10-26,UFC 308: Topuria vs. Holloway,Ilia Topuria vs. Max Holloway,Max Holloway,-121
2025-02-22,UFC Fight Night: Cejudo vs. Song,Ion Cutelaba vs. Ibo Aslan,Ion Cutelaba,173
2025-02-22,UFC Fight Night: Cejudo vs. Song,Ion Cutelaba vs. Ibo Aslan,Ibo Aslan,-173
2025-01-18,UFC 311: Makhachev vs. Moicano,Islam Makhachev vs. Renato Moicano,Islam Makhachev,-595
2025-01-18,UFC 311: Makhachev vs. Moicano,Islam Makhachev vs. Renato Moicano,Renato Moicano,595
2025-02-15,UFC Fight Night: Cannonier vs. Rodrigues,Ismael Bonfim vs. Nazim Sadykhov,Ismael Bonfim,-146
2025-02-15,UFC Fight Night: Cannonier vs. Rodrigues,Ismael Bonfim vs. Nazim Sadykhov,Nazim Sadykhov,146
2024-10-26,UFC 308: Topuria vs. Holloway,Ismail Naurdiev vs. Bruno Silva,Ismail Naurdiev,-139
2024-10-26,UFC 308: Topuria vs. Holloway,Ismail Naurdiev vs. Bruno Silva,Bruno Silva,139
2025-06-21,UFC Fight Night: Hill vs. Rountree Jr.,Ismail Naurdiev vs. JunYong Park,Ismail Naurdiev,110
2025-06-21,UFC Fight Night: Hill vs. Rountree Jr.,Ismail Naurdiev vs. JunYong Park,JunYong Park,-110
2025-02-01,UFC Fight Night: Adesanya vs. Imavov,Israel Adesanya vs. Nassourdine Imavov,Israel Adesanya,146
2025-02-01,UFC Fight Night: Adesanya vs. Imavov,Israel Adesanya vs. Nassourdine Imavov,Nassourdine Imavov,-146
2025-06-28,UFC 317: Topuria vs. Oliveira,Jack Hermansson vs. Gregory Rodrigues,Jack Hermansson,104
2025-06-28,UFC 317: Topuria vs. Oliveira,Jack Hermansson vs. Gregory Rodrigues,Gregory Rodrigues,-104
2025-02-08,UFC 312: Du Plessis vs. Strickland 2,Jack Jenkins vs. Gabriel Santos,Jack Jenkins,-127
2025-02-08,UFC 312: Du Plessis vs. Strickland 2,Jack Jenkins vs. Gabriel Santos,Gabriel Santos,127
2024-11-02,UFC Fight Night: Moreno vs. Albazi,Jack Shore vs. Youssef Zalal,Jack Shore,195
2024-11-02,UFC Fight Night: Moreno vs. Albazi,Jack Shore vs. Youssef Zalal,Youssef Zalal,-195
2025-05-31,UFC Fight Night: Blanchfield vs. Barber,Jafel Filho vs. Allan Nascimento,Jafel Filho,-104
2025-05-31,UFC Fight Night: Blanchfield vs. Barber,Jafel Filho vs. Allan Nascimento,Allan Nascimento,104
2025-03-22,UFC Fight Night: Edwards vs. Brady,Jai Herbert vs. Chris Padilla,Jai Herbert,317
2025-03-22,UFC Fight Night: Edwards vs. Brady,Jai Herbert vs. Chris Padilla,Chris Padilla,-317
2025-01-18,UFC 311: Makhachev vs. Moicano,Jailton Almeida vs. Serghei Spivac,Jailton Almeida,-127
2025-01-18,UFC 311: Makhachev vs. Moicano,Jailton Almeida vs. Serghei Spivac,Serghei Spivac,127
2025-07-12,UFC Fight Night: Lewis vs. Teixeira,Jake Matthews vs. Chidi Njokuani,Jake Matthews,-143
2025-07-12,UFC Fight Night: Lewis vs. Teixeira,Jake Matthews vs. Chidi Njokuani,Chidi Njokuani,143
2025-02-08,UFC 312: Du Plessis vs. Strickland 2,Jake Matthews vs. Francisco Prado,Jake Matthews,-120
2025-02-08,UFC 312: Du Plessis vs. Strickland 2,Jake Matthews vs. Francisco Prado,Francisco Prado,120
2025-03-08,UFC 313: Pereira vs. Ankalaev,Jalin Turner vs. Ignacio Bahamondes,Jalin Turner,-101
2025-03-08,UFC 313: Pereira vs. Ankalaev,Jalin Turner vs. Ignacio Bahamondes,Ignacio Bahamondes,101
2025-06-21,UFC Fight Night: Hill vs. Rountree Jr.,Jamahal Hill vs. Khalil Rountree Jr.,Jamahal Hill,107
2025-06-21,UFC Fight Night: Hill vs. Rountree Jr.,Jamahal Hill vs. Khalil Rountree Jr.,Khalil Rountree Jr.,-107
2025-03-29,UFC Fight Night: Moreno vs. Erceg,Jamall Emmers vs. Gabriel Miranda,Jamall Emmers,-136
2025-03-29,UFC Fight Night: Moreno vs. Erceg,Jamall Emmers vs. Gabriel Miranda,Gabriel Miranda,136
2025-03-22,UFC Fight Night: Edwards vs. Brady,Jan Blachowicz vs. Carlos Ulberg,Jan Blachowicz,250
2025-03-22,UFC Fight Night: Edwards vs. Brady,Jan Blachowicz vs. Carlos Ulberg,Carlos Ulberg,-250
2025-02-15,UFC Fight Night: Cannonier vs. Rodrigues,Jared Cannonier vs. Gregory Rodrigues,Jared Cannonier,348
2025-02-15,UFC Fight Night: Cannonier vs. Rodrigues,Jared Cannonier vs. Gregory Rodrigues,Gregory Rodrigues,-348
2025-08-16,UFC 319: Du Plessis vs. Chimaev,Jared Cannonier vs. Michael Page,Jared Cannonier,155
2025-08-16,UFC 319: Du Plessis vs. Chimaev,Jared Cannonier vs. Michael Page,Michael Page,-155
2025-05-17,UFC Fight Night: Burns vs. Morales,Jared Gordon vs. Thiago Moises,Jared Gordon,-124
2025-05-17,UFC Fight Night: Burns vs. Morales,Jared Gordon vs. Thiago Moises,Thiago Moises,124
2025-02-22,UFC Fight Night: Cejudo vs. Song,Jean Silva vs. Melsik Baghdasaryan,Jean Silva,-142
2025-02-22,UFC Fight Night: Cejudo vs. Song,Jean Silva vs. Melsik Baghdasaryan,Melsik Baghdasaryan,142
2025-05-03,UFC Fight Night: Sandhagen vs. Figueiredo,Jeremy Stephens vs. Mason Jones,Jeremy Stephens,150
2025-05-03,UFC Fight Night: Sandhagen vs. Figueiredo,Jeremy Stephens vs. Mason Jones,Mason Jones,-150
2025-09-13,UFC Fight Night: Lopes vs. Silva,Jesus Aguilar vs. Luis Gurule,Jesus Aguilar,-214
2025-09-13,UFC Fight Night: Lopes vs. Silva,Jesus Aguilar vs. Luis Gurule,Luis Gurule,214
2025-04-12,UFC 314: Volkanovski vs. Lopes,Jim Miller vs. Chase Hooper,Jim Miller,307
2025-04-12,UFC 314: Volkanovski vs. Lopes,Jim Miller vs. Chase Hooper,Chase Hooper,-307
2024-11-16,UFC 309: Jones vs. Miocic,Jim Miller vs. Damon Jackson,Jim Miller,108
2024-11-16,UFC 309: Jones vs. Miocic,Jim Miller vs. Damon Jackson,Damon Jackson,-108
2025-07-19,UFC 318: Holloway vs. Poirier 3,Jimmy Crute vs. Marcin Prachnio,Jimmy Crute,-234
2025-07-19,UFC 318: Holloway vs. Poirier 3,Jimmy Crute vs. Marcin Prachnio,Marcin Prachnio,234
2025-02-08,UFC 312: Du Plessis vs. Strickland 2,Jimmy Crute vs. Rodolfo Bellato,Jimmy Crute,-124
2025-02-08,UFC 312: Du Plessis vs. Strickland 2,Jimmy Crute vs. Rodolfo Bellato,Rodolfo Bellato,124
2025-01-18,UFC 311: Makhachev vs. Moicano,Jiri Prochazka vs. Jamahal Hill,Jiri Prochazka,-114
2025-01-18,UFC 311: Makhachev vs. Moicano,Jiri Prochazka vs. Jamahal Hill,Jamahal Hill,114
2024-12-14,UFC Fight Night: Covington vs. Buckley,Joel Alvarez vs. Drakkar Klose,Joel Alvarez,128
2024-12-14,UFC Fight Night: Covington vs. Buckley,Joel Alvarez vs. Drakkar Klose,Drakkar Klose,-128
2025-08-23,UFC Fight Night: Walker vs. Zhang,Johnny Walker vs. Zhang Mingyang,Johnny Walker,213
2025-08-23,UFC Fight Night: Walker vs. Zhang,Johnny Walker vs. Zhang Mingyang,Zhang Mingyang,-213
2024-11-16,UFC 309: Jones vs. Miocic,Jon Jones vs. Stipe Miocic,Jon Jones,-372
2024-11-16,UFC 309: Jones vs. Miocic,Jon Jones vs. Stipe Miocic,Stipe Miocic,372
2024-11-16,UFC 309: Jones vs. Miocic,Jonathan Martinez vs. Marcus McGhee,Jonathan Martinez,-118
2024-11-16,UFC 309: Jones vs. Miocic,Jonathan Martinez vs. Marcus McGhee,Marcus McGhee,118
2024-10-12,UFC Fight Night: Royval vs. Taira,Jonathan Pearce vs. Pat Sabatini,Jonathan Pearce,-147
2024-10-12,UFC Fight Night: Royval vs. Taira,Jonathan Pearce vs. Pat Sabatini,Pat Sabatini,147
2025-03-22,UFC Fight Night: Edwards vs. Brady,Jordan Vucenic vs. Chris Duncan,Jordan Vucenic,114
2025-03-22,UFC Fight Night: Edwards vs. Brady,Jordan Vucenic vs. Chris Duncan,Chris Duncan,-114
2025-05-10,UFC 315: Muhammad vs. Della Maddalena,Jose Aldo vs. Aiemann Zahabi,Jose Aldo,-116
2025-05-10,UFC 315: Muhammad vs. Della Maddalena,Jose Aldo vs. Aiemann Zahabi,Aiemann Zahabi,116
2024-10-05,UFC 307: Pereira vs. Rountree Jr.,Jose Aldo vs. Mario Bautista,Jose Aldo,243
2024-10-05,UFC 307: Pereira vs. Rountree Jr.,Jose Aldo vs. Mario Bautista,Mario Bautista,-243
2025-01-11,UFC Fight Night: Dern vs. Ribas 2,Jose Johnson vs. Felipe Bunes,Jose Johnson,-159
2025-01-11,UFC Fight Night: Dern vs. Ribas 2,Jose Johnson vs. Felipe Bunes,Felipe Bunes,159
2025-04-05,UFC Fight Night: Emmett vs. Murphy,Josh Emmett vs. Lerone Murphy,Josh Emmett,375
2025-04-05,UFC Fight Night: Emmett vs. Murphy,Josh Emmett vs. Lerone Murphy,Lerone Murphy,-375
2025-03-08,UFC 313: Pereira vs. Ankalaev,Joshua Van vs. Rei Tsuruya,Joshua Van,-110
2025-03-08,UFC 313: Pereira vs. Ankalaev,Joshua Van vs. Rei Tsuruya,Rei Tsuruya,110
2025-05-17,UFC Fight Night: Burns vs. Morales,Julian Erosa vs. Melquizael Costa,Julian Erosa,213
2025-05-17,UFC Fight Night: Burns vs. Morales,Julian Erosa vs. Melquizael Costa,Melquizael Costa,-213
2025-08-09,UFC Fight Night: Dolidze vs. Hernandez,Julius Walker vs. Rafael Cerqueira,Julius Walker,-702
2025-08-09,UFC Fight Night: Dolidze vs. Hernandez,Julius Walker vs. Rafael Cerqueira,Rafael Cerqueira,702
2025-07-12,UFC Fight Night: Lewis vs. Teixeira,Junior Tafa vs. Tuco Tokkos,Junior Tafa,-187
2025-07-12,UFC Fight Night: Lewis vs. Teixeira,Junior Tafa vs. Tuco Tokkos,Tuco Tokkos,187
2025-03-08,UFC 313: Pereira vs. Ankalaev,Justin Gaethje vs. Rafael Fiziev,Justin Gaethje,121
2025-03-08,UFC 313: Pereira vs. Ankalaev,Justin Gaethje vs. Rafael Fiziev,Rafael Fiziev,-121
2025-06-14,UFC Fight Night: Usman vs. Buckley,Kamaru Usman vs. Joaquin Buckley,Kamaru Usman,-108
2025-06-14,UFC Fight Night: Usman vs. Buckley,Kamaru Usman vs. Joaquin Buckley,Joaquin Buckley,108
2025-09-13,UFC Fight Night: Lopes vs. Silva,Kelvin Gastelum vs. Dustin Stoltzfus,Kelvin Gastelum,-157
2025-09-13,UFC Fight Night: Lopes vs. Silva,Kelvin Gastelum vs. Dustin Stoltzfus,Dustin Stoltzfus,157
2025-06-07,UFC 316: Dvalishvili vs. O'Malley 2,Kelvin Gastelum vs. Joe Pyfer,Kelvin Gastelum,126
2025-06-07,UFC 316: Dvalishvili vs. O'Malley 2,Kelvin Gastelum vs. Joe Pyfer,Joe Pyfer,-126
2024-10-26,UFC 308: Topuria vs. Holloway,Kennedy Nzechukwu vs. Chris Barnett,Kennedy Nzechukwu,-162
2024-10-26,UFC 308: Topuria vs. Holloway,Kennedy Nzechukwu vs. Chris Barnett,Chris Barnett,162
2024-12-07,UFC 310: Pantoja vs. Asakura,Kennedy Nzechukwu vs. Lukasz Brzeski,Kennedy Nzechukwu,-154
2024-12-07,UFC 310: Pantoja vs. Asakura,Kennedy Nzechukwu vs. Lukasz Brzeski,Lukasz Brzeski,154
2025-07-12,UFC Fight Night: Lewis vs. Teixeira,Kennedy Nzechukwu vs. Valter Walker,Kennedy Nzechukwu,139
2025-07-12,UFC Fight Night: Lewis vs. Teixeira,Kennedy Nzechukwu vs. Valter Walker,Valter Walker,-139
2025-07-19,UFC 318: Holloway vs. Poirier 3,Kevin Holland vs. Daniel Rodriguez,Kevin Holland,-126
2025-07-19,UFC 318: Holloway vs. Poirier 3,Kevin Holland vs. Daniel Rodriguez,Daniel Rodriguez,126
2025-01-18,UFC 311: Makhachev vs. Moicano,Kevin Holland vs. Reinier de Ridder,Kevin Holland,-136
2025-01-18,UFC 311: Makhachev vs. Moicano,Kevin Holland vs. Reinier de Ridder,Reinier de Ridder,136
2024-09-28,UFC Fight Night: Moicano vs. Saint Denis,Kevin Jousset vs. Bryan Battle,Kevin Jousset,108
2024-09-28,UFC Fight Night: Moicano vs. Saint Denis,Kevin Jousset vs. Bryan Battle,Bryan Battle,-108
2025-03-08,UFC 313: Pereira vs. Ankalaev,King Green vs. Mauricio Ruffy,King Green,-108
2025-03-08,UFC 313: Pereira vs. Ankalaev,King Green vs. Mauricio Ruffy,Mauricio Ruffy,108
2025-05-31,UFC Fight Night: Blanchfield vs. Barber,Kurt Holobaugh vs. Jordan Leavitt,Kurt Holobaugh,181
2025-05-31,UFC Fight Night: Blanchfield vs. Barber,Kurt Holobaugh vs. Jordan Leavitt,Jordan Leavitt,-181
2025-07-19,UFC 318: Holloway vs. Poirier 3,Kyler Phillips vs. Vinicius Oliveira,Kyler Phillips,104
2025-07-19,UFC 318: Holloway vs. Poirier 3,Kyler Phillips vs. Vinicius Oliveira,Vinicius Oliveira,-104
2025-03-22,UFC Fight Night: Edwards vs. Brady,Leon Edwards vs. Sean Brady,Leon Edwards,-148
2025-03-22,UFC Fight Night: Edwards vs. Brady,Leon Edwards vs. Sean Brady,Sean Brady,148
2024-10-26,UFC 308: Topuria vs. Holloway,Lerone Murphy vs. Dan Ige,Lerone Murphy,-199
2024-10-26,UFC 308: Topuria vs. Holloway,Lerone Murphy vs. Dan Ige,Dan Ige,199
2025-03-22,UFC Fight Night: Edwards vs. Brady,Lone'er Kavanagh vs. Felipe dos Santos,Lone'er Kavanagh,-122
2025-03-22,UFC Fight Night: Edwards vs. Brady,Lone'er Kavanagh vs. Felipe dos Santos,Felipe dos Santos,122
2024-09-28,UFC Fight Night: Moicano vs. Saint Denis,Ludovit Klein vs. Roosevelt Roberts,Ludovit Klein,-384
2024-09-28,UFC Fight Night: Moicano vs. Saint Denis,Ludovit Klein vs. Roosevelt Roberts,Roosevelt Roberts,384
2024-10-26,UFC 308: Topuria vs. Holloway,Magomed Ankalaev vs. Aleksandar Rakic,Magomed Ankalaev,-361
2024-10-26,UFC 308: Topuria vs. Holloway,Magomed Ankalaev vs. Aleksandar Rakic,Aleksandar Rakic,361
2025-08-23,UFC Fight Night: Walker vs. Zhang,Maheshate vs. Gauge Young,Maheshate,145
2025-08-23,UFC Fight Night: Walker vs. Zhang,Maheshate vs. Gauge Young,Gauge Young,-145
2024-11-23,UFC Fight Night: Yan vs. Figueiredo,Maheshate vs. Nikolas Motta,Maheshate,101
2024-11-23,UFC Fight Night: Yan vs. Figueiredo,Maheshate vs. Nikolas Motta,Nikolas Motta,-101
2025-03-08,UFC 313: Pereira vs. Ankalaev,Mairon Santos vs. Francis Marshall,Mairon Santos,-223
2025-03-08,UFC 313: Pereira vs. Ankalaev,Mairon Santos vs. Francis Marshall,Francis Marshall,223
2025-06-14,UFC Fight Night: Usman vs. Buckley,Malcolm Wellmaker vs. Kris Moutinho,Malcolm Wellmaker,-266
2025-06-14,UFC Fight Night: Usman vs. Buckley,Malcolm Wellmaker vs. Kris Moutinho,Kris Moutinho,266
2025-03-01,UFC Fight Night: Kape vs. Almabayev,Manel Kape vs. Asu Almabayev,Manel Kape,167
2025-03-01,UFC Fight Night: Kape vs. Almabayev,Manel Kape vs. Asu Almabayev,Asu Almabayev,-167
2024-12-14,UFC Fight Night: Covington vs. Buckley,Manel Kape vs. Bruno Silva,Manel Kape,-150
2024-12-14,UFC Fight Night: Covington vs. Buckley,Manel Kape vs. Bruno Silva,Bruno Silva,150
2025-06-14,UFC Fight Night: Usman vs. Buckley,Mansur Abdul-Malik vs. Cody Brundage,Mansur Abdul-Malik,-207
2025-06-14,UFC Fight Night: Usman vs. Buckley,Mansur Abdul-Malik vs. Cody Brundage,Cody Brundage,207
2025-03-29,UFC Fight Night: Moreno vs. Erceg,Manuel Torres vs. Drew Dober,Manuel Torres,-194
2025-03-29,UFC Fight Night: Moreno vs. Erceg,Manuel Torres vs. Drew Dober,Drew Dober,194
2024-09-14,UFC 306: Riyadh Season Noche UFC,Manuel Torres vs. Ignacio Bahamondes,Manuel Torres,-223
2024-09-14,UFC 306: Riyadh Season Noche UFC,Manuel Torres vs. Ignacio Bahamondes,Ignacio Bahamondes,223
2025-03-29,UFC Fight Night: Moreno vs. Erceg,MarQuel Mederos vs. Austin Hubbard,MarQuel Mederos,-181
2025-03-29,UFC Fight Night: Moreno vs. Erceg,MarQuel Mederos vs. Austin Hubbard,Austin Hubbard,181
2025-05-10,UFC 315: Muhammad vs. Della Maddalena,Marc-Andre Barriault vs. Bruno Silva,Marc-Andre Barriault,141
2025-05-10,UFC 315: Muhammad vs. Della Maddalena,Marc-Andre Barriault vs. Bruno Silva,Bruno Silva,-141
2024-11-02,UFC Fight Night: Moreno vs. Albazi,Marc-Andre Barriault vs. Dustin Stoltzfus,Marc-Andre Barriault,114
2024-11-02,UFC Fight Night: Moreno vs. Albazi,Marc-Andre Barriault vs. Dustin Stoltzfus,Dustin Stoltzfus,-114
2024-11-16,UFC 309: Jones vs. Miocic,Marcin Tybura vs. Jhonata Diniz,Marcin Tybura,126
2024-11-16,UFC 309: Jones vs. Miocic,Marcin Tybura vs. Jhonata Diniz,Jhonata Diniz,-126
2025-03-22,UFC Fight Night: Edwards vs. Brady,Marcin Tybura vs. Mick Parkin,Marcin Tybura,163
2025-03-22,UFC Fight Night: Edwards vs. Brady,Marcin Tybura vs. Mick Parkin,Mick Parkin,-163
2025-07-19,UFC 318: Holloway vs. Poirier 3,Marvin Vettori vs. Brendan Allen,Marvin Vettori,132
2025-07-19,UFC 318: Holloway vs. Poirier 3,Marvin Vettori vs. Brendan Allen,Brendan Allen,-132
2025-03-15,UFC Fight Night: Vettori vs. Dolidze 2,Marvin Vettori vs. Roman Dolidze,Marvin Vettori,101
2025-03-15,UFC Fight Night: Vettori vs. Dolidze 2,Marvin Vettori vs. Roman Dolidze,Roman Dolidze,-101
2025-05-31,UFC Fight Night: Blanchfield vs. Barber,Mateusz Gamrot vs. Ludovit Klein,Mateusz Gamrot,170
2025-05-31,UFC Fight Night: Blanchfield vs. Barber,Mateusz Gamrot vs. Ludovit Klein,Ludovit Klein,-170
2025-08-02,UFC Fight Night: Taira vs. Park,Mateusz Rebecki vs. Chris Duncan,Mateusz Rebecki,114
2025-08-02,UFC Fight Night: Taira vs. Park,Mateusz Rebecki vs. Chris Duncan,Chris Duncan,-114
2024-10-19,UFC Fight Night: Hernandez vs. Pereira,Matheus Nicolau vs. Asu Almabayev,Matheus Nicolau,341
2024-10-19,UFC Fight Night: Hernandez vs. Pereira,Matheus Nicolau vs. Asu Almabayev,Asu Almabayev,-341
2025-04-26,UFC Fight Night: Machado Garry vs. Prates,Matt Schnell vs. Jimmy Flick,Matt Schnell,-119
2025-04-26,UFC Fight Night: Machado Garry vs. Prates,Matt Schnell vs. Jimmy Flick,Jimmy Flick,119
2024-11-09,UFC Fight Night: Magny vs. Prates,Matthew Semelsberger vs. Charles Radtke,Matthew Semelsberger,117
2024-11-09,UFC Fight Night: Magny vs. Prates,Matthew Semelsberger vs. Charles Radtke,Charles Radtke,-117
2025-07-12,UFC Fight Night: Lewis vs. Teixeira,Max Griffin vs. Chris Curtis,Max Griffin,112
2025-07-12,UFC Fight Night: Lewis vs. Teixeira,Max Griffin vs. Chris Curtis,Chris Curtis,-112
2025-07-19,UFC 318: Holloway vs. Poirier 3,Max Holloway vs. Dustin Poirier,Max Holloway,-270
2025-07-19,UFC 318: Holloway vs. Poirier 3,Max Holloway vs. Dustin Poirier,Dustin Poirier,270
2025-06-07,UFC 316: Dvalishvili vs. O'Malley 2,Merab Dvalishvili vs. Sean O'Malley,Merab Dvalishvili,-267
2025-06-07,UFC 316: Dvalishvili vs. O'Malley 2,Merab Dvalishvili vs. Sean O'Malley,Sean O'Malley,267
2025-01-18,UFC 311: Makhachev vs. Moicano,Merab Dvalishvili vs. Umar Nurmagomedov,Merab Dvalishvili,-121
2025-01-18,UFC 311: Makhachev vs. Moicano,Merab Dvalishvili vs. Umar Nurmagomedov,Umar Nurmagomedov,121
2025-04-12,UFC 314: Volkanovski vs. Lopes,Michael Chandler vs. Paddy Pimblett,Michael Chandler,240
2025-04-12,UFC 314: Volkanovski vs. Lopes,Michael Chandler vs. Paddy Pimblett,Paddy Pimblett,-240
2025-06-14,UFC Fight Night: Usman vs. Buckley,Michael Chiesa vs. Court McGee,Michael Chiesa,-196
2025-06-14,UFC Fight Night: Usman vs. Buckley,Michael Chiesa vs. Court McGee,Court McGee,196
2024-12-07,UFC 310: Pantoja vs. Asakura,Michael Chiesa vs. Max Griffin,Michael Chiesa,-127
2024-12-07,UFC 310: Pantoja vs. Asakura,Michael Chiesa vs. Max Griffin,Max Griffin,127
2025-07-19,UFC 318: Holloway vs. Poirier 3,Michael Johnson vs. Daniel Zellhuber,Michael Johnson,111
2025-07-19,UFC 318: Holloway vs. Poirier 3,Michael Johnson vs. Daniel Zellhuber,Daniel Zellhuber,-111
2024-12-14,UFC Fight Night: Covington vs. Buckley,Michael Johnson vs. Ottman Azaitar,Michael Johnson,-158
2024-12-14,UFC Fight Night: Covington vs. Buckley,Michael Johnson vs. Ottman Azaitar,Ottman Azaitar,158
2025-04-26,UFC Fight Night: Machado Garry vs. Prates,Michel Pereira vs. Abus Magomedov,Michel Pereira,-232
2025-04-26,UFC Fight Night: Machado Garry vs. Prates,Michel Pereira vs. Abus Magomedov,Abus Magomedov,232
2025-08-23,UFC Fight Night: Walker vs. Zhang,Michel Pereira vs. Kyle Daukaus,Michel Pereira,-246
2025-08-23,UFC Fight Night: Walker vs. Zhang,Michel Pereira vs. Kyle Daukaus,Kyle Daukaus,246
2024-11-16,UFC 309: Jones vs. Miocic,Mickey Gall vs. Ramiz Brahimaj,Mickey Gall,154
2024-11-16,UFC 309: Jones vs. Miocic,Mickey Gall vs. Ramiz Brahimaj,Ramiz Brahimaj,-154
2025-05-10,UFC 315: Muhammad vs. Della Maddalena,Mike Malott vs. Charles Radtke,Mike Malott,-132
2025-05-10,UFC 315: Muhammad vs. Della Maddalena,Mike Malott vs. Charles Radtke,Charles Radtke,132
2024-11-02,UFC Fight Night: Moreno vs. Albazi,Mike Malott vs. Trevin Giles,Mike Malott,-104
2024-11-02,UFC Fight Night: Moreno vs. Albazi,Mike Malott vs. Trevin Giles,Trevin Giles,104
2024-12-14,UFC Fight Night: Covington vs. Buckley,Miles Johns vs. Felipe Lima,Miles Johns,128
2024-12-14,UFC Fight Night: Covington vs. Buckley,Miles Johns vs. Felipe Lima,Felipe Lima,-128
2025-08-09,UFC Fight Night: Dolidze vs. Hernandez,Miles Johns vs. Jean Matsumoto,Miles Johns,169
2025-08-09,UFC Fight Night: Dolidze vs. Hernandez,Miles Johns vs. Jean Matsumoto,Jean Matsumoto,-169
2025-07-12,UFC Fight Night: Lewis vs. Teixeira,Mitch Ramirez vs. Mike Davis,Mitch Ramirez,118
2025-07-12,UFC Fight Night: Lewis vs. Teixeira,Mitch Ramirez vs. Mike Davis,Mike Davis,-118
2025-05-10,UFC 315: Muhammad vs. Della Maddalena,Modestas Bukauskas vs. Ion Cutelaba,Modestas Bukauskas,130
2025-05-10,UFC 315: Muhammad vs. Della Maddalena,Modestas Bukauskas vs. Ion Cutelaba,Ion Cutelaba,-130
2025-09-06,UFC Fight Night: Imavov vs. Borralho,Modestas Bukauskas vs. Paul Craig,Modestas Bukauskas,-138
2025-09-06,UFC Fight Night: Imavov vs. Borralho,Modestas Bukauskas vs. Paul Craig,Paul Craig,138
2025-02-22,UFC Fight Night: Cejudo vs. Song,Modestas Bukauskas vs. Rafael Cerqueira,Modestas Bukauskas,-178
2025-02-22,UFC Fight Night: Cejudo vs. Song,Modestas Bukauskas vs. Rafael Cerqueira,Rafael Cerqueira,178
2025-07-26,UFC Fight Night: Whittaker vs. De Ridder,Mohammad Yahya vs. Steven Nguyen,Mohammad Yahya,114
2025-07-26,UFC Fight Night: Whittaker vs. De Ridder,Mohammad Yahya vs. Steven Nguyen,Steven Nguyen,-114
2025-05-03,UFC Fight Night: Sandhagen vs. Figueiredo,Montel Jackson vs. Daniel Marcos,Montel Jackson,-206
2025-05-03,UFC Fight Night: Sandhagen vs. Figueiredo,Montel Jackson vs. Daniel Marcos,Daniel Marcos,206
2024-09-28,UFC Fight Night: Moicano vs. Saint Denis,Morgan Charriere vs. Gabriel Miranda,Morgan Charriere,-156
2024-09-28,UFC Fight Night: Moicano vs. Saint Denis,Morgan Charriere vs. Gabriel Miranda,Gabriel Miranda,156
2025-06-21,UFC Fight Night: Hill vs. Rountree Jr.,Muhammad Naimov vs. Bogdan Grad,Muhammad Naimov,155
2025-06-21,UFC Fight Night: Hill vs. Rountree Jr.,Muhammad Naimov vs. Bogdan Grad,Bogdan Grad,-155
2025-02-01,UFC Fight Night: Adesanya vs. Imavov,Muhammad Naimov vs. Kaan Ofli,Muhammad Naimov,-135
2025-02-01,UFC Fight Night: Adesanya vs. Imavov,Muhammad Naimov vs. Kaan Ofli,Kaan Ofli,135
2025-07-26,UFC Fight Night: Whittaker vs. De Ridder,Muslim Salikhov vs. Carlos Leal,Muslim Salikhov,138
2025-07-26,UFC Fight Night: Whittaker vs. De Ridder,Muslim Salikhov vs. Carlos Leal,Carlos Leal,-138
2025-03-01,UFC Fight Night: Kape vs. Almabayev,Nasrat Haqparast vs. Esteban Ribovics,Nasrat Haqparast,-109
2025-03-01,UFC Fight Night: Kape vs. Almabayev,Nasrat Haqparast vs. Esteban Ribovics,Esteban Ribovics,109
2024-09-28,UFC Fight Night: Moicano vs. Saint Denis,Nassourdine Imavov vs. Brendan Allen,Nassourdine Imavov,131
2024-09-28,UFC Fight Night: Moicano vs. Saint Denis,Nassourdine Imavov vs. Brendan Allen,Brendan Allen,-131
2025-09-06,UFC Fight Night: Imavov vs. Borralho,Nassourdine Imavov vs. Caio Borralho,Nassourdine Imavov,-110
2025-09-06,UFC Fight Night: Imavov vs. Borralho,Nassourdine Imavov vs. Caio Borralho,Caio Borralho,110
2024-12-07,UFC 310: Pantoja vs. Asakura,Nate Landwehr vs. Dooho Choi,Nate Landwehr,122
2024-12-07,UFC 310: Pantoja vs. Asakura,Nate Landwehr vs. Dooho Choi,Dooho Choi,-122
2025-07-12,UFC Fight Night: Lewis vs. Teixeira,Nate Landwehr vs. Morgan Charriere,Nate Landwehr,233
2025-07-12,UFC Fight Night: Lewis vs. Teixeira,Nate Landwehr vs. Morgan Charriere,Morgan Charriere,-233
2025-03-22,UFC Fight Night: Edwards vs. Brady,Nathan Fletcher vs. Caolan Loughran,Nathan Fletcher,-253
2025-03-22,UFC Fight Night: Edwards vs. Brady,Nathan Fletcher vs. Caolan Loughran,Caolan Loughran,253
2025-03-22,UFC Fight Night: Edwards vs. Brady,Nathaniel Wood vs. Morgan Charriere,Nathaniel Wood,124
2025-03-22,UFC Fight Night: Edwards vs. Brady,Nathaniel Wood vs. Morgan Charriere,Morgan Charriere,-124
2025-05-10,UFC 315: Muhammad vs. Della Maddalena,Navajo Stirling vs. Ivan Erslan,Navajo Stirling,-167
2025-05-10,UFC 315: Muhammad vs. Della Maddalena,Navajo Stirling vs. Ivan Erslan,Ivan Erslan,167
2025-06-21,UFC Fight Night: Hill vs. Rountree Jr.,Nazim Sadykhov vs. Nikolas Motta,Nazim Sadykhov,111
2025-06-21,UFC Fight Night: Hill vs. Rountree Jr.,Nazim Sadykhov vs. Nikolas Motta,Nikolas Motta,-111
2024-11-09,UFC Fight Night: Magny vs. Prates,Neil Magny vs. Carlos Prates,Neil Magny,137
2024-11-09,UFC Fight Night: Magny vs. Prates,Neil Magny vs. Carlos Prates,Carlos Prates,-137
2025-08-02,UFC Fight Night: Taira vs. Park,Neil Magny vs. Elizeu Zaleski dos Santos,Neil Magny,137
2025-08-02,UFC Fight Night: Taira vs. Park,Neil Magny vs. Elizeu Zaleski dos Santos,Elizeu Zaleski dos Santos,-137
2025-08-02,UFC Fight Night: Taira vs. Park,Nick Klein vs. Andrey Pulyaev,Nick Klein,110
2025-08-02,UFC Fight Night: Taira vs. Park,Nick Klein vs. Andrey Pulyaev,Andrey Pulyaev,-110
2025-07-26,UFC Fight Night: Whittaker vs. De Ridder,Nikita Krylov vs. Bogdan Guskov,Nikita Krylov,-175
2025-07-26,UFC Fight Night: Whittaker vs. De Ridder,Nikita Krylov vs. Bogdan Guskov,Bogdan Guskov,175
2025-04-12,UFC 314: Volkanovski vs. Lopes,Nikita Krylov vs. Dominick Reyes,Nikita Krylov,-264
2025-04-12,UFC 314: Volkanovski vs. Lopes,Nikita Krylov vs. Dominick Reyes,Dominick Reyes,264
2025-06-28,UFC 317: Topuria vs. Oliveira,Niko Price vs. Jacobe Smith,Niko Price,293
2025-06-28,UFC 317: Topuria vs. Oliveira,Niko Price vs. Jacobe Smith,Jacobe Smith,-293
2025-01-11,UFC Fight Night: Dern vs. Ribas 2,Nurullo Aliev vs. Joe Solecki,Nurullo Aliev,-142
2025-01-11,UFC Fight Night: Dern vs. Ribas 2,Nurullo Aliev vs. Joe Solecki,Joe Solecki,142
2025-09-06,UFC Fight Night: Imavov vs. Borralho,Oumar Sy vs. Brendson Ribeiro,Oumar Sy,-178
2025-09-06,UFC Fight Night: Imavov vs. Borralho,Oumar Sy vs. Brendson Ribeiro,Brendson Ribeiro,178
2024-09-28,UFC Fight Night: Moicano vs. Saint Denis,Oumar Sy vs. Da Woon Jung,Oumar Sy,-193
2024-09-28,UFC Fight Night: Moicano vs. Saint Denis,Oumar Sy vs. Da Woon Jung,Da Woon Jung,193
2025-04-05,UFC Fight Night: Emmett vs. Murphy,Pat Sabatini vs. Joanderson Brito,Pat Sabatini,154
2025-04-05,UFC Fight Night: Emmett vs. Murphy,Pat Sabatini vs. Joanderson Brito,Joanderson Brito,-154
2025-07-19,UFC 318: Holloway vs. Poirier 3,Paulo Costa vs. Roman Kopylov,Paulo Costa,182
2025-07-19,UFC 318: Holloway vs. Poirier 3,Paulo Costa vs. Roman Kopylov,Roman Kopylov,-182
2025-06-28,UFC 317: Topuria vs. Oliveira,Payton Talbott vs. Felipe Lima,Payton Talbott,102
2025-06-28,UFC 317: Topuria vs. Oliveira,Payton Talbott vs. Felipe Lima,Felipe Lima,-102
2025-01-18,UFC 311: Makhachev vs. Moicano,Payton Talbott vs. Raoni Barcelos,Payton Talbott,-352
2025-01-18,UFC 311: Makhachev vs. Moicano,Payton Talbott vs. Raoni Barcelos,Raoni Barcelos,352
2024-11-23,UFC Fight Night: Yan vs. Figueiredo,Petr Yan vs. Deiveson Figueiredo,Petr Yan,-160
2024-11-23,UFC Fight Night: Yan vs. Figueiredo,Petr Yan vs. Deiveson Figueiredo,Deiveson Figueiredo,160
2025-07-26,UFC Fight Night: Whittaker vs. De Ridder,Petr Yan vs. Marcus McGhee,Petr Yan,-127
2025-07-26,UFC Fight Night: Whittaker vs. De Ridder,Petr Yan vs. Marcus McGhee,Marcus McGhee,127
2025-06-14,UFC Fight Night: Usman vs. Buckley,Phil Rowe vs. Ange Loosa,Phil Rowe,136
2025-06-14,UFC Fight Night: Usman vs. Buckley,Phil Rowe vs. Ange Loosa,Ange Loosa,-136
2025-01-11,UFC Fight Night: Dern vs. Ribas 2,Punahele Soriano vs. Uros Medic,Punahele Soriano,149
2025-01-11,UFC Fight Night: Dern vs. Ribas 2,Punahele Soriano vs. Uros Medic,Uros Medic,-149
2025-06-07,UFC 316: Dvalishvili vs. O'Malley 2,Quillan Salkilld vs. Yanal Ashmouz,Quillan Salkilld,-163
2025-06-07,UFC 316: Dvalishvili vs. O'Malley 2,Quillan Salkilld vs. Yanal Ashmouz,Yanal Ashmouz,163
2025-09-13,UFC Fight Night: Lopes vs. Silva,Rafa Garcia vs. Jared Gordon,Rafa Garcia,141
2025-09-13,UFC Fight Night: Lopes vs. Silva,Rafa Garcia vs. Jared Gordon,Jared Gordon,-141
2025-03-29,UFC Fight Night: Moreno vs. Erceg,Rafa Garcia vs. Vinc Pichel,Rafa Garcia,-168
2025-03-29,UFC Fight Night: Moreno vs. Erceg,Rafa Garcia vs. Vinc Pichel,Vinc Pichel,168
2025-08-02,UFC Fight Night: Taira vs. Park,Rafael Estevam vs. Felipe Bunes,Rafael Estevam,-200
2025-08-02,UFC Fight Night: Taira vs. Park,Rafael Estevam vs. Felipe Bunes,Felipe Bunes,200
2025-02-15,UFC Fight Night: Cannonier vs. Rodrigues,Rafael Estevam vs. Jesus Aguilar,Rafael Estevam,158
2025-02-15,UFC Fight Night: Cannonier vs. Rodrigues,Rafael Estevam vs. Jesus Aguilar,Jesus Aguilar,-158
2025-06-21,UFC Fight Night: Hill vs. Rountree Jr.,Rafael Fiziev vs. Ignacio Bahamondes,Rafael Fiziev,210
2025-06-21,UFC Fight Night: Hill vs. Rountree Jr.,Rafael Fiziev vs. Ignacio Bahamondes,Ignacio Bahamondes,-210
2024-12-07,UFC 310: Pantoja vs. Asakura,Randy Brown vs. Bryan Battle,Randy Brown,-143
2024-12-07,UFC 310: Pantoja vs. Asakura,Randy Brown vs. Bryan Battle,Bryan Battle,143
2025-04-26,UFC Fight Night: Machado Garry vs. Prates,Randy Brown vs. Nicolas Dalby,Randy Brown,-261
2025-04-26,UFC Fight Night: Machado Garry vs. Prates,Randy Brown vs. Nicolas Dalby,Nicolas Dalby,261
2024-09-14,UFC 306: Riyadh Season Noche UFC,Raul Rosas Jr. vs. Aoriqileng,Raul Rosas Jr.,-394
2024-09-14,UFC 306: Riyadh Season Noche UFC,Raul Rosas Jr. vs. Aoriqileng,Aoriqileng,394
2025-03-29,UFC Fight Night: Moreno vs. Erceg,Raul Rosas Jr. vs. Vince Morales,Raul Rosas Jr.,-559
2025-03-29,UFC Fight Night: Moreno vs. Erceg,Raul Rosas Jr. vs. Vince Morales,Vince Morales,559
2025-05-03,UFC Fight Night: Sandhagen vs. Figueiredo,Reinier de Ridder vs. Bo Nickal,Reinier de Ridder,103
2025-05-03,UFC Fight Night: Sandhagen vs. Figueiredo,Reinier de Ridder vs. Bo Nickal,Bo Nickal,-103
2024-09-28,UFC Fight Night: Moicano vs. Saint Denis,Renato Moicano vs. Benoit Saint Denis,Renato Moicano,210
2024-09-28,UFC Fight Night: Moicano vs. Saint Denis,Renato Moicano vs. Benoit Saint Denis,Benoit Saint Denis,-210
2025-03-01,UFC Fight Night: Kape vs. Almabayev,Ricardo Ramos vs. Chepe Mariscal,Ricardo Ramos,218
2025-03-01,UFC Fight Night: Kape vs. Almabayev,Ricardo Ramos vs. Chepe Mariscal,Chepe Mariscal,-218
2025-06-14,UFC Fight Night: Usman vs. Buckley,Ricky Simon vs. Cameron Smotherman,Ricky Simon,117
2025-06-14,UFC Fight Night: Usman vs. Buckley,Ricky Simon vs. Cameron Smotherman,Cameron Smotherman,-117
2025-02-22,UFC Fight Night: Cejudo vs. Song,Ricky Simon vs. Javid Basharat,Ricky Simon,107
2025-02-22,UFC Fight Night: Cejudo vs. Song,Ricky Simon vs. Javid Basharat,Javid Basharat,-107
2025-01-18,UFC 311: Makhachev vs. Moicano,Ricky Turcios vs. Benardo Sopaj,Ricky Turcios,146
2025-01-18,UFC 311: Makhachev vs. Moicano,Ricky Turcios vs. Benardo Sopaj,Benardo Sopaj,-146
2025-01-18,UFC 311: Makhachev vs. Moicano,Rinya Nakamura vs. Muin Gafurov,Rinya Nakamura,-145
2025-01-18,UFC 311: Makhachev vs. Moicano,Rinya Nakamura vs. Muin Gafurov,Muin Gafurov,145
2025-08-02,UFC Fight Night: Taira vs. Park,Rinya Nakamura vs. Nathan Fletcher,Rinya Nakamura,143
2025-08-02,UFC Fight Night: Taira vs. Park,Rinya Nakamura vs. Nathan Fletcher,Nathan Fletcher,-143
2025-09-13,UFC Fight Night: Lopes vs. Silva,Rob Font vs. David Martinez,Rob Font,-100
2025-09-13,UFC Fight Night: Lopes vs. Silva,Rob Font vs. David Martinez,David Martinez,100
2025-02-22,UFC Fight Night: Cejudo vs. Song,Rob Font vs. Jean Matsumoto,Rob Font,117
2025-02-22,UFC Fight Night: Cejudo vs. Song,Rob Font vs. Jean Matsumoto,Jean Matsumoto,-117
2024-10-19,UFC Fight Night: Hernandez vs. Pereira,Rob Font vs. Kyler Phillips,Rob Font,183
2024-10-19,UFC Fight Night: Hernandez vs. Pereira,Rob Font vs. Kyler Phillips,Kyler Phillips,-183
2024-10-26,UFC 308: Topuria vs. Holloway,Robert Whittaker vs. Khamzat Chimaev,Robert Whittaker,139
2024-10-26,UFC 308: Topuria vs. Holloway,Robert Whittaker vs. Khamzat Chimaev,Khamzat Chimaev,-139
2025-07-26,UFC Fight Night: Whittaker vs. De Ridder,Robert Whittaker vs. Reinier de Ridder,Robert Whittaker,117
2025-07-26,UFC Fight Night: Whittaker vs. De Ridder,Robert Whittaker vs. Reinier de Ridder,Reinier de Ridder,-117
2025-02-15,UFC Fight Night: Cannonier vs. Rodrigues,Rodolfo Vieira vs. Andre Petroski,Rodolfo Vieira,204
2025-02-15,UFC Fight Night: Cannonier vs. Rodrigues,Rodolfo Vieira vs. Andre Petroski,Andre Petroski,-204
2025-08-02,UFC Fight Night: Taira vs. Park,Rodolfo Vieira vs. Tresean Gore,Rodolfo Vieira,109
2025-08-02,UFC Fight Night: Taira vs. Park,Rodolfo Vieira vs. Tresean Gore,Tresean Gore,-109
2025-08-09,UFC Fight Night: Dolidze vs. Hernandez,Roman Dolidze vs. Anthony Hernandez,Roman Dolidze,214
2025-08-09,UFC Fight Night: Dolidze vs. Hernandez,Roman Dolidze vs. Anthony Hernandez,Anthony Hernandez,-214
2024-10-05,UFC 307: Pereira vs. Rountree Jr.,Roman Dolidze vs. Kevin Holland,Roman Dolidze,238
2024-10-05,UFC 307: Pereira vs. Rountree Jr.,Roman Dolidze vs. Kevin Holland,Kevin Holland,-238
2025-03-29,UFC Fight Night: Moreno vs. Erceg,Ronaldo Rodriguez vs. Kevin Borjas,Ronaldo Rodriguez,-182
2025-03-29,UFC Fight Night: Moreno vs. Erceg,Ronaldo Rodriguez vs. Kevin Borjas,Kevin Borjas,182
2024-09-14,UFC 306: Riyadh Season Noche UFC,Ronaldo Rodriguez vs. Ode Osbourne,Ronaldo Rodriguez,-183
2024-09-14,UFC 306: Riyadh Season Noche UFC,Ronaldo Rodriguez vs. Ode Osbourne,Ode Osbourne,183
2025-08-23,UFC Fight Night: Walker vs. Zhang,Rongzhu vs. Austin Hubbard,Rongzhu,-232
2025-08-23,UFC Fight Night: Walker vs. Zhang,Rongzhu vs. Austin Hubbard,Austin Hubbard,232
2025-05-03,UFC Fight Night: Sandhagen vs. Figueiredo,Ryan Loder vs. Azamat Bekoev,Ryan Loder,113
2025-05-03,UFC Fight Night: Sandhagen vs. Figueiredo,Ryan Loder vs. Azamat Bekoev,Azamat Bekoev,-113
2025-07-19,UFC 318: Holloway vs. Poirier 3,Ryan Spann vs. Lukasz Brzeski,Ryan Spann,-124
2025-07-19,UFC 318: Holloway vs. Poirier 3,Ryan Spann vs. Lukasz Brzeski,Lukasz Brzeski,124
2024-10-05,UFC 307: Pereira vs. Rountree Jr.,Ryan Spann vs. Ovince Saint Preux,Ryan Spann,-212
2024-10-05,UFC 307: Pereira vs. Rountree Jr.,Ryan Spann vs. Ovince Saint Preux,Ovince Saint Preux,212
2025-02-01,UFC Fight Night: Adesanya vs. Imavov,Said Nurmagomedov vs. Vinicius Oliveira,Said Nurmagomedov,106
2025-02-01,UFC Fight Night: Adesanya vs. Imavov,Said Nurmagomedov vs. Vinicius Oliveira,Vinicius Oliveira,-106
2025-09-06,UFC Fight Night: Imavov vs. Borralho,Sam Patterson vs. Trey Waters,Sam Patterson,-163
2025-09-06,UFC Fight Night: Imavov vs. Borralho,Sam Patterson vs. Trey Waters,Trey Waters,163
2025-01-11,UFC Fight Night: Dern vs. Ribas 2,Santiago Ponzinibbio vs. Carlston Harris,Santiago Ponzinibbio,102
2025-01-11,UFC Fight Night: Dern vs. Ribas 2,Santiago Ponzinibbio vs. Carlston Harris,Carlston Harris,-102
2025-05-03,UFC Fight Night: Sandhagen vs. Figueiredo,Santiago Ponzinibbio vs. Daniel Rodriguez,Santiago Ponzinibbio,122
2025-05-03,UFC Fight Night: Sandhagen vs. Figueiredo,Santiago Ponzinibbio vs. Daniel Rodriguez,Daniel Rodriguez,-122
2024-09-14,UFC 306: Riyadh Season Noche UFC,Sean O'Malley vs. Merab Dvalishvili,Sean O'Malley,171
2024-09-14,UFC 306: Riyadh Season Noche UFC,Sean O'Malley vs. Merab Dvalishvili,Merab Dvalishvili,-171
2024-12-14,UFC Fight Night: Covington vs. Buckley,Sean Woodson vs. Fernando Padilla,Sean Woodson,116
2024-12-14,UFC Fight Night: Covington vs. Buckley,Sean Woodson vs. Fernando Padilla,Fernando Padilla,-116
2025-04-12,UFC 314: Volkanovski vs. Lopes,Sedriques Dumas vs. Michal Oleksiejczuk,Sedriques Dumas,-107
2025-04-12,UFC 314: Volkanovski vs. Lopes,Sedriques Dumas vs. Michal Oleksiejczuk,Michal Oleksiejczuk,107
2025-02-01,UFC Fight Night: Adesanya vs. Imavov,Sergei Pavlovich vs. Jairzinho Rozenstruik,Sergei Pavlovich,-162
2025-02-01,UFC Fight Night: Adesanya vs. Imavov,Sergei Pavlovich vs. Jairzinho Rozenstruik,Jairzinho Rozenstruik,162
2025-08-23,UFC Fight Night: Walker vs. Zhang,Sergei Pavlovich vs. Waldo Cortes-Acosta,Sergei Pavlovich,107
2025-08-23,UFC Fight Night: Walker vs. Zhang,Sergei Pavlovich vs. Waldo Cortes-Acosta,Waldo Cortes-Acosta,-107
2025-06-07,UFC 316: Dvalishvili vs. O'Malley 2,Serghei Spivac vs. Waldo Cortes-Acosta,Serghei Spivac,-127
2025-06-07,UFC 316: Dvalishvili vs. O'Malley 2,Serghei Spivac vs. Waldo Cortes-Acosta,Waldo Cortes-Acosta,127
2024-11-02,UFC Fight Night: Moreno vs. Albazi,Serhiy Sidey vs. Garrett Armfield,Serhiy Sidey,122
2024-11-02,UFC Fight Night: Moreno vs. Albazi,Serhiy Sidey vs. Garrett Armfield,Garrett Armfield,-122
2025-02-01,UFC Fight Night: Adesanya vs. Imavov,Shamil Gaziev vs. Thomas Petersen,Shamil Gaziev,132
2025-02-01,UFC Fight Night: Adesanya vs. Imavov,Shamil Gaziev vs. Thomas Petersen,Thomas Petersen,-132
2024-10-26,UFC 308: Topuria vs. Holloway,Shara Magomedov vs. Armen Petrosyan,Shara Magomedov,-154
2024-10-26,UFC 308: Topuria vs. Holloway,Shara Magomedov vs. Armen Petrosyan,Armen Petrosyan,154
2025-07-26,UFC Fight Night: Whittaker vs. De Ridder,Shara Magomedov vs. Marc-Andre Barriault,Shara Magomedov,-200
2025-07-26,UFC Fight Night: Whittaker vs. De Ridder,Shara Magomedov vs. Marc-Andre Barriault,Marc-Andre Barriault,200
2025-02-01,UFC Fight Night: Adesanya vs. Imavov,Shara Magomedov vs. Michael Page,Shara Magomedov,-144
2025-02-01,UFC Fight Night: Adesanya vs. Imavov,Shara Magomedov vs. Michael Page,Michael Page,144
2024-12-07,UFC 310: Pantoja vs. Asakura,Shavkat Rakhmonov vs. Ian Machado Garry,Shavkat Rakhmonov,-104
2024-12-07,UFC 310: Pantoja vs. Asakura,Shavkat Rakhmonov vs. Ian Machado Garry,Ian Machado Garry,104
2025-05-17,UFC Fight Night: Burns vs. Morales,Sodiq Yusuff vs. Mairon Santos,Sodiq Yusuff,169
2025-05-17,UFC Fight Night: Burns vs. Morales,Sodiq Yusuff vs. Mairon Santos,Mairon Santos,-169
2024-11-23,UFC Fight Night: Yan vs. Figueiredo,Song Kenan vs. Muslim Salikhov,Song Kenan,118
2024-11-23,UFC Fight Night: Yan vs. Figueiredo,Song Kenan vs. Muslim Salikhov,Muslim Salikhov,-118
2025-07-12,UFC Fight Night: Lewis vs. Teixeira,Stephen Thompson vs. Gabriel Bonfim,Stephen Thompson,359
2025-07-12,UFC Fight Night: Lewis vs. Teixeira,Stephen Thompson vs. Gabriel Bonfim,Gabriel Bonfim,-359
2024-10-05,UFC 307: Pereira vs. Rountree Jr.,Stephen Thompson vs. Joaquin Buckley,Stephen Thompson,317
2024-10-05,UFC 307: Pereira vs. Rountree Jr.,Stephen Thompson vs. Joaquin Buckley,Joaquin Buckley,-317
2025-08-09,UFC Fight Night: Dolidze vs. Hernandez,Steve Erceg vs. Ode Osbourne,Steve Erceg,-148
2025-08-09,UFC Fight Night: Dolidze vs. Hernandez,Steve Erceg vs. Ode Osbourne,Ode Osbourne,148
2025-03-15,UFC Fight Night: Vettori vs. Dolidze 2,SuYoung You vs. AJ Cunningham,SuYoung You,-303
2025-03-15,UFC Fight Night: Vettori vs. Dolidze 2,SuYoung You vs. AJ Cunningham,AJ Cunningham,303
2025-08-23,UFC Fight Night: Walker vs. Zhang,Sumudaerji vs. Kevin Borjas,Sumudaerji,-123
2025-08-23,UFC Fight Night: Walker vs. Zhang,Sumudaerji vs. Kevin Borjas,Kevin Borjas,123
2025-04-12,UFC 314: Volkanovski vs. Lopes,Sumudaerji vs. Mitch Raposo,Sumudaerji,102
2025-04-12,UFC 314: Volkanovski vs. Lopes,Sumudaerji vs. Mitch Raposo,Mitch Raposo,-102
2025-06-21,UFC Fight Night: Hill vs. Rountree Jr.,Tagir Ulanbekov vs. Azat Maksum,Tagir Ulanbekov,-126
2025-06-21,UFC Fight Night: Hill vs. Rountree Jr.,Tagir Ulanbekov vs. Azat Maksum,Azat Maksum,126
2025-01-18,UFC 311: Makhachev vs. Moicano,Tagir Ulanbekov vs. Clayton Carpenter,Tagir Ulanbekov,195
2025-01-18,UFC 311: Makhachev vs. Moicano,Tagir Ulanbekov vs. Clayton Carpenter,Clayton Carpenter,-195
2025-08-02,UFC Fight Night: Taira vs. Park,Tatsuro Taira vs. HyunSung Park,Tatsuro Taira,-131
2025-08-02,UFC Fight Night: Taira vs. Park,Tatsuro Taira vs. HyunSung Park,HyunSung Park,131
2024-09-28,UFC Fight Night: Moicano vs. Saint Denis,Taylor Lapilus vs. Vince Morales,Taylor Lapilus,-174
2024-09-28,UFC Fight Night: Moicano vs. Saint Denis,Taylor Lapilus vs. Vince Morales,Vince Morales,174
2025-02-01,UFC Fight Night: Adesanya vs. Imavov,Terrance McKinney vs. Damir Hadzovic,Terrance McKinney,-789
2025-02-01,UFC Fight Night: Adesanya vs. Imavov,Terrance McKinney vs. Damir Hadzovic,Damir Hadzovic,789
2025-06-28,UFC 317: Topuria vs. Oliveira,Terrance McKinney vs. Viacheslav Borshchev,Terrance McKinney,-373
2025-06-28,UFC 317: Topuria vs. Oliveira,Terrance McKinney vs. Viacheslav Borshchev,Viacheslav Borshchev,373
2024-10-12,UFC Fight Night: Royval vs. Taira,Themba Gorimbo vs. Niko Price,Themba Gorimbo,-256
2024-10-12,UFC Fight Night: Royval vs. Taira,Themba Gorimbo vs. Niko Price,Niko Price,256
2025-01-11,UFC Fight Night: Dern vs. Ribas 2,Thiago Moises vs. Trey Ogden,Thiago Moises,-121
2025-01-11,UFC Fight Night: Dern vs. Ribas 2,Thiago Moises vs. Trey Ogden,Trey Ogden,121
2025-05-03,UFC Fight Night: Sandhagen vs. Figueiredo,Thomas Petersen vs. Don'Tale Mayes,Thomas Petersen,-196
2025-05-03,UFC Fight Night: Sandhagen vs. Figueiredo,Thomas Petersen vs. Don'Tale Mayes,Don'Tale Mayes,196
2025-08-16,UFC 319: Du Plessis vs. Chimaev,Tim Elliott vs. Kai Asakura,Tim Elliott,-144
2025-08-16,UFC 319: Du Plessis vs. Chimaev,Tim Elliott vs. Kai Asakura,Kai Asakura,144
2025-04-26,UFC Fight Night: Machado Garry vs. Prates,Timmy Cuamba vs. Roberto Romero,Timmy Cuamba,103
2025-04-26,UFC Fight Night: Machado Garry vs. Prates,Timmy Cuamba vs. Roberto Romero,Roberto Romero,-103
2025-02-08,UFC 312: Du Plessis vs. Strickland 2,Tom Nolan vs. Viacheslav Borshchev,Tom Nolan,-190
2025-02-08,UFC 312: Du Plessis vs. Strickland 2,Tom Nolan vs. Viacheslav Borshchev,Viacheslav Borshchev,190
2024-11-09,UFC Fight Night: Magny vs. Prates,Tresean Gore vs. Antonio Trocoli,Tresean Gore,-130
2024-11-09,UFC Fight Night: Magny vs. Prates,Tresean Gore vs. Antonio Trocoli,Antonio Trocoli,130
2025-04-12,UFC 314: Volkanovski vs. Lopes,Tresean Gore vs. Marco Tulio,Tresean Gore,160
2025-04-12,UFC 314: Volkanovski vs. Lopes,Tresean Gore vs. Marco Tulio,Marco Tulio,-160
2025-08-23,UFC Fight Night: Walker vs. Zhang,Uran Satybaldiev vs. Diyar Nurgozhay,Uran Satybaldiev,121
2025-08-23,UFC Fight Night: Walker vs. Zhang,Uran Satybaldiev vs. Diyar Nurgozhay,Diyar Nurgozhay,-121
2025-08-09,UFC Fight Night: Dolidze vs. Hernandez,Uros Medic vs. Gilbert Urbina,Uros Medic,-101
2025-08-09,UFC Fight Night: Dolidze vs. Hernandez,Uros Medic vs. Gilbert Urbina,Gilbert Urbina,101
2025-06-07,UFC 316: Dvalishvili vs. O'Malley 2,Vicente Luque vs. Kevin Holland,Vicente Luque,-151
2025-06-07,UFC 316: Dvalishvili vs. O'Malley 2,Vicente Luque vs. Kevin Holland,Kevin Holland,151
2024-12-07,UFC 310: Pantoja vs. Asakura,Vicente Luque vs. Themba Gorimbo,Vicente Luque,-110
2024-12-07,UFC 310: Pantoja vs. Asakura,Vicente Luque vs. Themba Gorimbo,Themba Gorimbo,110
2025-04-05,UFC Fight Night: Emmett vs. Murphy,Victor Henry vs. Pedro Falcao,Victor Henry,-107
2025-04-05,UFC Fight Night: Emmett vs. Murphy,Victor Henry vs. Pedro Falcao,Pedro Falcao,107
2025-07-12,UFC Fight Night: Lewis vs. Teixeira,Vitor Petrino vs. Austen Lane,Vitor Petrino,-160
2025-07-12,UFC Fight Night: Lewis vs. Teixeira,Vitor Petrino vs. Austen Lane,Austen Lane,160
2024-12-14,UFC Fight Night: Covington vs. Buckley,Vitor Petrino vs. Dustin Jacoby,Vitor Petrino,-124
2024-12-14,UFC Fight Night: Covington vs. Buckley,Vitor Petrino vs. Dustin Jacoby,Dustin Jacoby,124
2024-11-23,UFC Fight Night: Yan vs. Figueiredo,Volkan Oezdemir vs. Carlos Ulberg,Volkan Oezdemir,292
2024-11-23,UFC Fight Night: Yan vs. Figueiredo,Volkan Oezdemir vs. Carlos Ulberg,Carlos Ulberg,-292
2025-03-15,UFC Fight Night: Vettori vs. Dolidze 2,Waldo Cortes-Acosta vs. Ryan Spann,Waldo Cortes-Acosta,-130
2025-03-15,UFC Fight Night: Vettori vs. Dolidze 2,Waldo Cortes-Acosta vs. Ryan Spann,Ryan Spann,130
2024-09-28,UFC Fight Night: Moicano vs. Saint Denis,William Gomis vs. Joanderson Brito,William Gomis,118
2024-09-28,UFC Fight Night: Moicano vs. Saint Denis,William Gomis vs. Joanderson Brito,Joanderson Brito,-118
2024-11-23,UFC Fight Night: Yan vs. Figueiredo,Xiao Long vs. Quang Le,Xiao Long,-147
2024-11-23,UFC Fight Night: Yan vs. Figueiredo,Xiao Long vs. Quang Le,Quang Le,147
2025-08-23,UFC Fight Night: Walker vs. Zhang,Xiao Long vs. SuYoung You,Xiao Long,134
2025-08-23,UFC Fight Night: Walker vs. Zhang,Xiao Long vs. SuYoung You,SuYoung You,-134
2025-08-23,UFC Fight Night: Walker vs. Zhang,Yizha vs. Westin Wilson,Yizha,-177
2025-08-23,UFC Fight Night: Walker vs. Zhang,Yizha vs. Westin Wilson,Westin Wilson,177
2025-05-31,UFC Fight Night: Blanchfield vs. Barber,Zachary Reese vs. Dusko Todorovic,Zachary Reese,-201
2025-05-31,UFC Fight Night: Blanchfield vs. Barber,Zachary Reese vs. Dusko Todorovic,Dusko Todorovic,201
