DATE,EVENT,BOUT,FIGHTER,prob_win,odds
2024-09-14,UFC 306: Riyadh Season Noche UFC,Manuel Torres vs. Ignacio Bahamondes,Manuel Torres,0.5254641973359031,-111
2024-09-14,UFC 306: Riyadh Season Noche UFC,Manuel Torres vs. Ignacio Bahamondes,Ignacio Bahamondes,0.4179185670163106,139
2024-09-14,UFC 306: Riyadh Season Noche UFC,Raul Rosas Jr. vs. Aoriqileng,Raul Rosas Jr.,0.7207661822059002,-258
2024-09-14,UFC 306: Riyadh Season Noche UFC,Raul Rosas Jr. vs. Aoriqileng,Aoriqileng,0.2534528542840119,295
2024-09-14,UFC 306: Riyadh Season Noche UFC,Ronaldo Rodriguez vs. Ode Osbourne,Ronaldo Rodriguez,0.5697349493972803,-132
2024-09-14,UFC 306: Riyadh Season Noche UFC,Ronaldo Rodriguez vs. Ode Osbourne,Ode Osbourne,0.40681992272376105,146
2024-09-14,UFC 306: Riyadh Season Noche UFC,Edgar Chairez vs. Joshua Van,Edgar Chairez,0.3398459982855469,194
2024-09-14,UFC 306: Riyadh Season Noche UFC,Edgar Chairez vs. Joshua Van,Joshua Van,0.6404712129362042,-178
2024-09-14,UFC 306: Riyadh Season Noche UFC,Sean O'Malley vs. Merab Dvalishvili,Sean O'Malley,0.3726082928171343,168
2024-09-14,UFC 306: Riyadh Season Noche UFC,Sean O'Malley vs. Merab Dvalishvili,Merab Dvalishvili,0.5745548965215601,-135
2024-09-14,UFC 306: Riyadh Season Noche UFC,Daniel Zellhuber vs. Esteban Ribovics,Daniel Zellhuber,0.556643569505682,-126
2024-09-14,UFC 306: Riyadh Season Noche UFC,Daniel Zellhuber vs. Esteban Ribovics,Esteban Ribovics,0.43083575103574684,132
2024-09-28,UFC Fight Night: Moicano vs. Saint Denis,Taylor Lapilus vs. Vince Morales,Taylor Lapilus,0.6500457727937491,-186
2024-09-28,UFC Fight Night: Moicano vs. Saint Denis,Taylor Lapilus vs. Vince Morales,Vince Morales,0.3147504114326612,218
2024-09-28,UFC Fight Night: Moicano vs. Saint Denis,Ludovit Klein vs. Roosevelt Roberts,Ludovit Klein,0.7376229026541559,-281
2024-09-28,UFC Fight Night: Moicano vs. Saint Denis,Ludovit Klein vs. Roosevelt Roberts,Roosevelt Roberts,0.243309530429238,311
2024-09-28,UFC Fight Night: Moicano vs. Saint Denis,Fares Ziam vs. Matt Frevola,Fares Ziam,0.6420105273916777,-179
2024-09-28,UFC Fight Night: Moicano vs. Saint Denis,Fares Ziam vs. Matt Frevola,Matt Frevola,0.3202235394397694,212
2024-09-28,UFC Fight Night: Moicano vs. Saint Denis,Daniel Barez vs. Victor Altamirano,Daniel Barez,0.3227432234502717,210
2024-09-28,UFC Fight Night: Moicano vs. Saint Denis,Daniel Barez vs. Victor Altamirano,Victor Altamirano,0.6364972563184245,-175
2024-09-28,UFC Fight Night: Moicano vs. Saint Denis,Kevin Jousset vs. Bryan Battle,Kevin Jousset,0.46213415222547455,116
2024-09-28,UFC Fight Night: Moicano vs. Saint Denis,Kevin Jousset vs. Bryan Battle,Bryan Battle,0.5192752488338016,-108
2024-09-28,UFC Fight Night: Moicano vs. Saint Denis,Morgan Charriere vs. Gabriel Miranda,Morgan Charriere,0.5839708501431519,-140
2024-09-28,UFC Fight Night: Moicano vs. Saint Denis,Morgan Charriere vs. Gabriel Miranda,Gabriel Miranda,0.36764576828989626,172
2024-09-28,UFC Fight Night: Moicano vs. Saint Denis,Nassourdine Imavov vs. Brendan Allen,Nassourdine Imavov,0.43195245264582993,132
2024-09-28,UFC Fight Night: Moicano vs. Saint Denis,Nassourdine Imavov vs. Brendan Allen,Brendan Allen,0.5497315409267303,-122
2024-09-28,UFC Fight Night: Moicano vs. Saint Denis,Renato Moicano vs. Benoit Saint Denis,Renato Moicano,0.33447864755633727,199
2024-09-28,UFC Fight Night: Moicano vs. Saint Denis,Renato Moicano vs. Benoit Saint Denis,Benoit Saint Denis,0.6182548512560894,-162
2024-09-28,UFC Fight Night: Moicano vs. Saint Denis,William Gomis vs. Joanderson Brito,William Gomis,0.528172546429168,-112
2024-09-28,UFC Fight Night: Moicano vs. Saint Denis,William Gomis vs. Joanderson Brito,Joanderson Brito,0.478971065512628,109
2024-09-28,UFC Fight Night: Moicano vs. Saint Denis,Oumar Sy vs. Da Woon Jung,Oumar Sy,0.5933392366295633,-146
2024-09-28,UFC Fight Night: Moicano vs. Saint Denis,Oumar Sy vs. Da Woon Jung,Da Woon Jung,0.41004070520554625,144
2024-09-28,UFC Fight Night: Moicano vs. Saint Denis,Bolaji Oki vs. Chris Duncan,Bolaji Oki,0.5615743759914029,-128
2024-09-28,UFC Fight Night: Moicano vs. Saint Denis,Bolaji Oki vs. Chris Duncan,Chris Duncan,0.47017082588115255,113
2024-10-05,UFC 307: Pereira vs. Rountree Jr.,Stephen Thompson vs. Joaquin Buckley,Stephen Thompson,0.2802085656761141,257
2024-10-05,UFC 307: Pereira vs. Rountree Jr.,Stephen Thompson vs. Joaquin Buckley,Joaquin Buckley,0.7246419669668355,-263
2024-10-05,UFC 307: Pereira vs. Rountree Jr.,Ryan Spann vs. Ovince Saint Preux,Ryan Spann,0.6012931345923498,-151
2024-10-05,UFC 307: Pereira vs. Rountree Jr.,Ryan Spann vs. Ovince Saint Preux,Ovince Saint Preux,0.36275917470917524,176
2024-10-05,UFC 307: Pereira vs. Rountree Jr.,Court McGee vs. Tim Means,Court McGee,0.4184324375552797,139
2024-10-05,UFC 307: Pereira vs. Rountree Jr.,Court McGee vs. Tim Means,Tim Means,0.5885097006312344,-143
2024-10-05,UFC 307: Pereira vs. Rountree Jr.,Austin Hubbard vs. Alexander Hernandez,Austin Hubbard,0.39816464409720637,151
2024-10-05,UFC 307: Pereira vs. Rountree Jr.,Austin Hubbard vs. Alexander Hernandez,Alexander Hernandez,0.5664348949796132,-131
2024-10-05,UFC 307: Pereira vs. Rountree Jr.,Alex Pereira vs. Khalil Rountree Jr.,Alex Pereira,0.6768077189219676,-209
2024-10-05,UFC 307: Pereira vs. Rountree Jr.,Alex Pereira vs. Khalil Rountree Jr.,Khalil Rountree Jr.,0.28137871807851783,255
2024-10-05,UFC 307: Pereira vs. Rountree Jr.,Cesar Almeida vs. Ihor Potieria,Cesar Almeida,0.44888902462143615,123
2024-10-05,UFC 307: Pereira vs. Rountree Jr.,Cesar Almeida vs. Ihor Potieria,Ihor Potieria,0.547692330842729,-121
2024-10-05,UFC 307: Pereira vs. Rountree Jr.,Jose Aldo vs. Mario Bautista,Jose Aldo,0.3497146132256375,186
2024-10-05,UFC 307: Pereira vs. Rountree Jr.,Jose Aldo vs. Mario Bautista,Mario Bautista,0.6059245953352882,-154
2024-10-05,UFC 307: Pereira vs. Rountree Jr.,Roman Dolidze vs. Kevin Holland,Roman Dolidze,0.31824425809610324,214
2024-10-05,UFC 307: Pereira vs. Rountree Jr.,Roman Dolidze vs. Kevin Holland,Kevin Holland,0.6678129535531928,-201
2024-10-12,UFC Fight Night: Royval vs. Taira,Grant Dawson vs. Rafa Garcia,Grant Dawson,0.536020483868927,-116
2024-10-12,UFC Fight Night: Royval vs. Taira,Grant Dawson vs. Rafa Garcia,Rafa Garcia,0.43434662697132853,130
2024-10-12,UFC Fight Night: Royval vs. Taira,Themba Gorimbo vs. Niko Price,Themba Gorimbo,0.7007369400034604,-234
2024-10-12,UFC Fight Night: Royval vs. Taira,Themba Gorimbo vs. Niko Price,Niko Price,0.2895259389314495,245
2024-10-12,UFC Fight Night: Royval vs. Taira,Daniel Rodriguez vs. Alex Morono,Daniel Rodriguez,0.5103403730242136,-104
2024-10-12,UFC Fight Night: Royval vs. Taira,Daniel Rodriguez vs. Alex Morono,Alex Morono,0.47505162818631086,111
2024-10-12,UFC Fight Night: Royval vs. Taira,Jonathan Pearce vs. Pat Sabatini,Jonathan Pearce,0.6020358599060013,-151
2024-10-12,UFC Fight Night: Royval vs. Taira,Jonathan Pearce vs. Pat Sabatini,Pat Sabatini,0.3736364016062595,168
2024-10-12,UFC Fight Night: Royval vs. Taira,Brad Tavares vs. JunYong Park,Brad Tavares,0.27061234126771744,270
2024-10-12,UFC Fight Night: Royval vs. Taira,Brad Tavares vs. JunYong Park,JunYong Park,0.7039480290712702,-238
2024-10-12,UFC Fight Night: Royval vs. Taira,Chidi Njokuani vs. Jared Gooden,Chidi Njokuani,0.5224443797624194,-109
2024-10-12,UFC Fight Night: Royval vs. Taira,Chidi Njokuani vs. Jared Gooden,Jared Gooden,0.46401637623769254,116
2024-10-12,UFC Fight Night: Royval vs. Taira,Brandon Royval vs. Tatsuro Taira,Brandon Royval,0.3377400898463618,196
2024-10-12,UFC Fight Night: Royval vs. Taira,Brandon Royval vs. Tatsuro Taira,Tatsuro Taira,0.6474731904626567,-184
2024-10-19,UFC Fight Night: Hernandez vs. Pereira,Rob Font vs. Kyler Phillips,Rob Font,0.39589635137243906,153
2024-10-19,UFC Fight Night: Hernandez vs. Pereira,Rob Font vs. Kyler Phillips,Kyler Phillips,0.6015542502182477,-151
2024-10-19,UFC Fight Night: Hernandez vs. Pereira,Charles Johnson vs. Sumudaerji,Charles Johnson,0.5096609879096056,-104
2024-10-19,UFC Fight Night: Hernandez vs. Pereira,Charles Johnson vs. Sumudaerji,Sumudaerji,0.4431860754205606,126
2024-10-19,UFC Fight Night: Hernandez vs. Pereira,Anthony Hernandez vs. Michel Pereira,Anthony Hernandez,0.42116281650289883,137
2024-10-19,UFC Fight Night: Hernandez vs. Pereira,Anthony Hernandez vs. Michel Pereira,Michel Pereira,0.5094917276093913,-104
2024-10-19,UFC Fight Night: Hernandez vs. Pereira,Austen Lane vs. Robelis Despaigne,Austen Lane,0.4001425224179357,150
2024-10-19,UFC Fight Night: Hernandez vs. Pereira,Austen Lane vs. Robelis Despaigne,Robelis Despaigne,0.6184812549974086,-162
2024-10-19,UFC Fight Night: Hernandez vs. Pereira,Matheus Nicolau vs. Asu Almabayev,Matheus Nicolau,0.2706844576453367,269
2024-10-19,UFC Fight Night: Hernandez vs. Pereira,Matheus Nicolau vs. Asu Almabayev,Asu Almabayev,0.7226895212161465,-261
2024-10-19,UFC Fight Night: Hernandez vs. Pereira,Darren Elkins vs. Daniel Pineda,Darren Elkins,0.5784152259140509,-137
2024-10-19,UFC Fight Night: Hernandez vs. Pereira,Darren Elkins vs. Daniel Pineda,Daniel Pineda,0.38240411666384716,162
2024-10-19,UFC Fight Night: Hernandez vs. Pereira,Brad Katona vs. Jean Matsumoto,Brad Katona,0.24350523292428602,311
2024-10-19,UFC Fight Night: Hernandez vs. Pereira,Brad Katona vs. Jean Matsumoto,Jean Matsumoto,0.7608112483535074,-318
2024-10-26,UFC 308: Topuria vs. Holloway,Geoff Neal vs. Rafael Dos Anjos,Geoff Neal,0.5519806212079093,-123
2024-10-26,UFC 308: Topuria vs. Holloway,Geoff Neal vs. Rafael Dos Anjos,Rafael Dos Anjos,0.461416798589858,117
2024-10-26,UFC 308: Topuria vs. Holloway,Kennedy Nzechukwu vs. Chris Barnett,Kennedy Nzechukwu,0.6815046297885745,-214
2024-10-26,UFC 308: Topuria vs. Holloway,Kennedy Nzechukwu vs. Chris Barnett,Chris Barnett,0.26895291520974884,272
2024-10-26,UFC 308: Topuria vs. Holloway,Abus Magomedov vs. Brunno Ferreira,Abus Magomedov,0.457613088084205,119
2024-10-26,UFC 308: Topuria vs. Holloway,Abus Magomedov vs. Brunno Ferreira,Brunno Ferreira,0.5362316283298288,-116
2024-10-26,UFC 308: Topuria vs. Holloway,Lerone Murphy vs. Dan Ige,Lerone Murphy,0.6329467155983631,-172
2024-10-26,UFC 308: Topuria vs. Holloway,Lerone Murphy vs. Dan Ige,Dan Ige,0.33915079401111187,195
2024-10-26,UFC 308: Topuria vs. Holloway,Ismail Naurdiev vs. Bruno Silva,Ismail Naurdiev,0.6836996058364053,-216
2024-10-26,UFC 308: Topuria vs. Holloway,Ismail Naurdiev vs. Bruno Silva,Bruno Silva,0.31026093251639664,222
2024-10-26,UFC 308: Topuria vs. Holloway,Robert Whittaker vs. Khamzat Chimaev,Robert Whittaker,0.4739425167837358,111
2024-10-26,UFC 308: Topuria vs. Holloway,Robert Whittaker vs. Khamzat Chimaev,Khamzat Chimaev,0.523281824237042,-110
2024-10-26,UFC 308: Topuria vs. Holloway,Magomed Ankalaev vs. Aleksandar Rakic,Magomed Ankalaev,0.7797455523214017,-354
2024-10-26,UFC 308: Topuria vs. Holloway,Magomed Ankalaev vs. Aleksandar Rakic,Aleksandar Rakic,0.22842968488671236,338
2024-10-26,UFC 308: Topuria vs. Holloway,Farid Basharat vs. Victor Hugo,Farid Basharat,0.6588741127125135,-193
2024-10-26,UFC 308: Topuria vs. Holloway,Farid Basharat vs. Victor Hugo,Victor Hugo,0.3190969146015141,213
2024-10-26,UFC 308: Topuria vs. Holloway,Shara Magomedov vs. Armen Petrosyan,Shara Magomedov,0.5694952041869077,-132
2024-10-26,UFC 308: Topuria vs. Holloway,Shara Magomedov vs. Armen Petrosyan,Armen Petrosyan,0.4178179352748448,139
2024-10-26,UFC 308: Topuria vs. Holloway,Ilia Topuria vs. Max Holloway,Ilia Topuria,0.449355227154932,123
2024-10-26,UFC 308: Topuria vs. Holloway,Ilia Topuria vs. Max Holloway,Max Holloway,0.5493619475971417,-122
2024-11-02,UFC Fight Night: Moreno vs. Albazi,Serhiy Sidey vs. Garrett Armfield,Serhiy Sidey,0.4648738992295949,115
2024-11-02,UFC Fight Night: Moreno vs. Albazi,Serhiy Sidey vs. Garrett Armfield,Garrett Armfield,0.5168411762761528,-107
2024-11-02,UFC Fight Night: Moreno vs. Albazi,Mike Malott vs. Trevin Giles,Mike Malott,0.5552910188176122,-125
2024-11-02,UFC Fight Night: Moreno vs. Albazi,Mike Malott vs. Trevin Giles,Trevin Giles,0.4409444634176064,127
2024-11-02,UFC Fight Night: Moreno vs. Albazi,Caio Machado vs. Brendson Ribeiro,Caio Machado,0.5838426736085567,-140
2024-11-02,UFC Fight Night: Moreno vs. Albazi,Caio Machado vs. Brendson Ribeiro,Brendson Ribeiro,0.46566440962148414,115
2024-11-02,UFC Fight Night: Moreno vs. Albazi,Charles Jourdain vs. Victor Henry,Charles Jourdain,0.5695029238101962,-132
2024-11-02,UFC Fight Night: Moreno vs. Albazi,Charles Jourdain vs. Victor Henry,Victor Henry,0.38393614802171405,160
2024-11-02,UFC Fight Night: Moreno vs. Albazi,Marc-Andre Barriault vs. Dustin Stoltzfus,Marc-Andre Barriault,0.4699492575143657,113
2024-11-02,UFC Fight Night: Moreno vs. Albazi,Marc-Andre Barriault vs. Dustin Stoltzfus,Dustin Stoltzfus,0.48713973623097845,105
2024-11-02,UFC Fight Night: Moreno vs. Albazi,Brandon Moreno vs. Amir Albazi,Brandon Moreno,0.5827779429221375,-140
2024-11-02,UFC Fight Night: Moreno vs. Albazi,Brandon Moreno vs. Amir Albazi,Amir Albazi,0.3971532511181042,152
2024-11-02,UFC Fight Night: Moreno vs. Albazi,Jack Shore vs. Youssef Zalal,Jack Shore,0.40965173215950684,144
2024-11-02,UFC Fight Night: Moreno vs. Albazi,Jack Shore vs. Youssef Zalal,Youssef Zalal,0.5917927440213329,-145
2024-11-02,UFC Fight Night: Moreno vs. Albazi,Chad Anheliger vs. Cody Gibson,Chad Anheliger,0.43598214149800724,129
2024-11-02,UFC Fight Night: Moreno vs. Albazi,Chad Anheliger vs. Cody Gibson,Cody Gibson,0.5450094765474023,-120
2024-11-02,UFC Fight Night: Moreno vs. Albazi,Alexandr Romanov vs. Rodrigo Nascimento,Alexandr Romanov,0.6096109379313257,-156
2024-11-02,UFC Fight Night: Moreno vs. Albazi,Alexandr Romanov vs. Rodrigo Nascimento,Rodrigo Nascimento,0.379885454698176,163
2024-11-02,UFC Fight Night: Moreno vs. Albazi,Aiemann Zahabi vs. Pedro Munhoz,Aiemann Zahabi,0.6243042851306245,-166
2024-11-02,UFC Fight Night: Moreno vs. Albazi,Aiemann Zahabi vs. Pedro Munhoz,Pedro Munhoz,0.3289805250094252,204
2024-11-09,UFC Fight Night: Magny vs. Prates,Neil Magny vs. Carlos Prates,Neil Magny,0.39597651267254214,153
2024-11-09,UFC Fight Night: Magny vs. Prates,Neil Magny vs. Carlos Prates,Carlos Prates,0.5687014597448309,-132
2024-11-09,UFC Fight Night: Magny vs. Prates,Tresean Gore vs. Antonio Trocoli,Tresean Gore,0.5941865471005686,-146
2024-11-09,UFC Fight Night: Magny vs. Prates,Tresean Gore vs. Antonio Trocoli,Antonio Trocoli,0.391017793619219,156
2024-11-09,UFC Fight Night: Magny vs. Prates,Matthew Semelsberger vs. Charles Radtke,Matthew Semelsberger,0.5004239798321676,-100
2024-11-09,UFC Fight Night: Magny vs. Prates,Matthew Semelsberger vs. Charles Radtke,Charles Radtke,0.4990895180010532,100
2024-11-09,UFC Fight Night: Magny vs. Prates,Cody Stamann vs. Da'Mon Blackshear,Cody Stamann,0.38602741203218394,159
2024-11-09,UFC Fight Night: Magny vs. Prates,Cody Stamann vs. Da'Mon Blackshear,Da'Mon Blackshear,0.5792041016133964,-138
2024-11-16,UFC 309: Jones vs. Miocic,Jim Miller vs. Damon Jackson,Jim Miller,0.44792387283560936,123
2024-11-16,UFC 309: Jones vs. Miocic,Jim Miller vs. Damon Jackson,Damon Jackson,0.531262549230353,-113
2024-11-16,UFC 309: Jones vs. Miocic,Charles Oliveira vs. Michael Chandler,Charles Oliveira,0.7550825324918625,-308
2024-11-16,UFC 309: Jones vs. Miocic,Charles Oliveira vs. Michael Chandler,Michael Chandler,0.2458993616471242,307
2024-11-16,UFC 309: Jones vs. Miocic,Marcin Tybura vs. Jhonata Diniz,Marcin Tybura,0.4727781407240722,112
2024-11-16,UFC 309: Jones vs. Miocic,Marcin Tybura vs. Jhonata Diniz,Jhonata Diniz,0.5236770978052232,-110
2024-11-16,UFC 309: Jones vs. Miocic,Jonathan Martinez vs. Marcus McGhee,Jonathan Martinez,0.5469148618539252,-121
2024-11-16,UFC 309: Jones vs. Miocic,Jonathan Martinez vs. Marcus McGhee,Marcus McGhee,0.4227688601841275,137
2024-11-16,UFC 309: Jones vs. Miocic,Mickey Gall vs. Ramiz Brahimaj,Mickey Gall,0.4325109964926674,131
2024-11-16,UFC 309: Jones vs. Miocic,Mickey Gall vs. Ramiz Brahimaj,Ramiz Brahimaj,0.546180871878194,-120
2024-11-16,UFC 309: Jones vs. Miocic,Jon Jones vs. Stipe Miocic,Jon Jones,0.789027589543481,-374
2024-11-16,UFC 309: Jones vs. Miocic,Jon Jones vs. Stipe Miocic,Stipe Miocic,0.20842441178723228,380
2024-11-16,UFC 309: Jones vs. Miocic,Bassil Hafez vs. Oban Elliott,Bassil Hafez,0.3204897062567707,212
2024-11-16,UFC 309: Jones vs. Miocic,Bassil Hafez vs. Oban Elliott,Oban Elliott,0.6900979607523889,-223
2024-11-16,UFC 309: Jones vs. Miocic,Bo Nickal vs. Paul Craig,Bo Nickal,0.8260738002551934,-475
2024-11-16,UFC 309: Jones vs. Miocic,Bo Nickal vs. Paul Craig,Paul Craig,0.17931098856656633,458
2024-11-23,UFC Fight Night: Yan vs. Figueiredo,Song Kenan vs. Muslim Salikhov,Song Kenan,0.4241482503342404,136
2024-11-23,UFC Fight Night: Yan vs. Figueiredo,Song Kenan vs. Muslim Salikhov,Muslim Salikhov,0.5435946822816442,-119
2024-11-23,UFC Fight Night: Yan vs. Figueiredo,Xiao Long vs. Quang Le,Xiao Long,0.6528151276817888,-188
2024-11-23,UFC Fight Night: Yan vs. Figueiredo,Xiao Long vs. Quang Le,Quang Le,0.3559023756255253,181
2024-11-23,UFC Fight Night: Yan vs. Figueiredo,Petr Yan vs. Deiveson Figueiredo,Petr Yan,0.614105416737613,-159
2024-11-23,UFC Fight Night: Yan vs. Figueiredo,Petr Yan vs. Deiveson Figueiredo,Deiveson Figueiredo,0.37636601627379845,166
2024-11-23,UFC Fight Night: Yan vs. Figueiredo,Maheshate vs. Nikolas Motta,Maheshate,0.5142534487002142,-106
2024-11-23,UFC Fight Night: Yan vs. Figueiredo,Maheshate vs. Nikolas Motta,Nikolas Motta,0.4204007092807081,138
2024-11-23,UFC Fight Night: Yan vs. Figueiredo,Volkan Oezdemir vs. Carlos Ulberg,Volkan Oezdemir,0.35420640917495333,182
2024-11-23,UFC Fight Night: Yan vs. Figueiredo,Volkan Oezdemir vs. Carlos Ulberg,Carlos Ulberg,0.6630106711787795,-197
2024-12-07,UFC 310: Pantoja vs. Asakura,Bryce Mitchell vs. Kron Gracie,Bryce Mitchell,0.768898574372507,-333
2024-12-07,UFC 310: Pantoja vs. Asakura,Bryce Mitchell vs. Kron Gracie,Kron Gracie,0.20147904352405888,396
2024-12-07,UFC 310: Pantoja vs. Asakura,Randy Brown vs. Bryan Battle,Randy Brown,0.5614382703009131,-128
2024-12-07,UFC 310: Pantoja vs. Asakura,Randy Brown vs. Bryan Battle,Bryan Battle,0.4337777366629739,131
2024-12-07,UFC 310: Pantoja vs. Asakura,Ciryl Gane vs. Alexander Volkov,Ciryl Gane,0.5508930373398467,-123
2024-12-07,UFC 310: Pantoja vs. Asakura,Ciryl Gane vs. Alexander Volkov,Alexander Volkov,0.4586812955655051,118
2024-12-07,UFC 310: Pantoja vs. Asakura,Vicente Luque vs. Themba Gorimbo,Vicente Luque,0.502482497458589,-101
2024-12-07,UFC 310: Pantoja vs. Asakura,Vicente Luque vs. Themba Gorimbo,Themba Gorimbo,0.5030673181535571,-101
2024-12-07,UFC 310: Pantoja vs. Asakura,Cody Durden vs. Joshua Van,Cody Durden,0.3389961726741644,195
2024-12-07,UFC 310: Pantoja vs. Asakura,Cody Durden vs. Joshua Van,Joshua Van,0.6512733450230803,-187
2024-12-07,UFC 310: Pantoja vs. Asakura,Nate Landwehr vs. Dooho Choi,Nate Landwehr,0.5387180610272598,-117
2024-12-07,UFC 310: Pantoja vs. Asakura,Nate Landwehr vs. Dooho Choi,Dooho Choi,0.42566942481058756,135
2024-12-07,UFC 310: Pantoja vs. Asakura,Shavkat Rakhmonov vs. Ian Machado Garry,Shavkat Rakhmonov,0.5800791379420894,-138
2024-12-07,UFC 310: Pantoja vs. Asakura,Shavkat Rakhmonov vs. Ian Machado Garry,Ian Machado Garry,0.4085833952326882,145
2024-12-07,UFC 310: Pantoja vs. Asakura,Michael Chiesa vs. Max Griffin,Michael Chiesa,0.5415101474987858,-118
2024-12-07,UFC 310: Pantoja vs. Asakura,Michael Chiesa vs. Max Griffin,Max Griffin,0.4556320993807655,119
2024-12-07,UFC 310: Pantoja vs. Asakura,Clay Guida vs. Chase Hooper,Clay Guida,0.15298401615335752,554
2024-12-07,UFC 310: Pantoja vs. Asakura,Clay Guida vs. Chase Hooper,Chase Hooper,0.8204852355083844,-457
2024-12-07,UFC 310: Pantoja vs. Asakura,Dominick Reyes vs. Anthony Smith,Dominick Reyes,0.4959205185977143,102
2024-12-07,UFC 310: Pantoja vs. Asakura,Dominick Reyes vs. Anthony Smith,Anthony Smith,0.5232860858620135,-110
2024-12-07,UFC 310: Pantoja vs. Asakura,Kennedy Nzechukwu vs. Lukasz Brzeski,Kennedy Nzechukwu,0.627066305162876,-168
2024-12-07,UFC 310: Pantoja vs. Asakura,Kennedy Nzechukwu vs. Lukasz Brzeski,Lukasz Brzeski,0.33840336316667513,196
2024-12-14,UFC Fight Night: Covington vs. Buckley,Michael Johnson vs. Ottman Azaitar,Michael Johnson,0.6158950160031188,-160
2024-12-14,UFC Fight Night: Covington vs. Buckley,Michael Johnson vs. Ottman Azaitar,Ottman Azaitar,0.3384033599905812,196
2024-12-14,UFC Fight Night: Covington vs. Buckley,Adrian Yanez vs. Daniel Marcos,Adrian Yanez,0.47617018403471306,110
2024-12-14,UFC Fight Night: Covington vs. Buckley,Adrian Yanez vs. Daniel Marcos,Daniel Marcos,0.4745381215784084,111
2024-12-14,UFC Fight Night: Covington vs. Buckley,Joel Alvarez vs. Drakkar Klose,Joel Alvarez,0.5091214646923804,-104
2024-12-14,UFC Fight Night: Covington vs. Buckley,Joel Alvarez vs. Drakkar Klose,Drakkar Klose,0.4501437525578132,122
2024-12-14,UFC Fight Night: Covington vs. Buckley,Vitor Petrino vs. Dustin Jacoby,Vitor Petrino,0.5656748009060305,-130
2024-12-14,UFC Fight Night: Covington vs. Buckley,Vitor Petrino vs. Dustin Jacoby,Dustin Jacoby,0.41857021409836576,139
2024-12-14,UFC Fight Night: Covington vs. Buckley,Cub Swanson vs. Billy Quarantillo,Cub Swanson,0.4883450266187218,105
2024-12-14,UFC Fight Night: Covington vs. Buckley,Cub Swanson vs. Billy Quarantillo,Billy Quarantillo,0.4557192734430385,119
2024-12-14,UFC Fight Night: Covington vs. Buckley,Colby Covington vs. Joaquin Buckley,Colby Covington,0.387793546309118,158
2024-12-14,UFC Fight Night: Covington vs. Buckley,Colby Covington vs. Joaquin Buckley,Joaquin Buckley,0.6093353090662138,-156
2024-12-14,UFC Fight Night: Covington vs. Buckley,Davey Grant vs. Ramon Taveras,Davey Grant,0.3964512072530086,152
2024-12-14,UFC Fight Night: Covington vs. Buckley,Davey Grant vs. Ramon Taveras,Ramon Taveras,0.5686130252112829,-132
2024-12-14,UFC Fight Night: Covington vs. Buckley,Miles Johns vs. Felipe Lima,Miles Johns,0.48318372420298694,107
2024-12-14,UFC Fight Night: Covington vs. Buckley,Miles Johns vs. Felipe Lima,Felipe Lima,0.49396279473471305,102
2024-12-14,UFC Fight Night: Covington vs. Buckley,Manel Kape vs. Bruno Silva,Manel Kape,0.6868767415519118,-219
2024-12-14,UFC Fight Night: Covington vs. Buckley,Manel Kape vs. Bruno Silva,Bruno Silva,0.28782976880594474,247
2024-12-14,UFC Fight Night: Covington vs. Buckley,Sean Woodson vs. Fernando Padilla,Sean Woodson,0.5204216087866502,-109
2024-12-14,UFC Fight Night: Covington vs. Buckley,Sean Woodson vs. Fernando Padilla,Fernando Padilla,0.4307207258425366,132
2025-01-11,UFC Fight Night: Dern vs. Ribas 2,Santiago Ponzinibbio vs. Carlston Harris,Santiago Ponzinibbio,0.5046779485780878,-102
2025-01-11,UFC Fight Night: Dern vs. Ribas 2,Santiago Ponzinibbio vs. Carlston Harris,Carlston Harris,0.49054156660839476,104
2025-01-11,UFC Fight Night: Dern vs. Ribas 2,Cesar Almeida vs. Abdul Razak Alhassan,Cesar Almeida,0.6567159065006763,-191
2025-01-11,UFC Fight Night: Dern vs. Ribas 2,Cesar Almeida vs. Abdul Razak Alhassan,Abdul Razak Alhassan,0.3485818670715715,187
2025-01-11,UFC Fight Night: Dern vs. Ribas 2,Punahele Soriano vs. Uros Medic,Punahele Soriano,0.4159525464990681,140
2025-01-11,UFC Fight Night: Dern vs. Ribas 2,Punahele Soriano vs. Uros Medic,Uros Medic,0.5877698377785354,-143
2025-01-11,UFC Fight Night: Dern vs. Ribas 2,Chris Curtis vs. Roman Kopylov,Chris Curtis,0.42412570103922026,136
2025-01-11,UFC Fight Night: Dern vs. Ribas 2,Chris Curtis vs. Roman Kopylov,Roman Kopylov,0.5252898557202529,-111
2025-01-11,UFC Fight Night: Dern vs. Ribas 2,Nurullo Aliev vs. Joe Solecki,Nurullo Aliev,0.6738110686928876,-207
2025-01-11,UFC Fight Night: Dern vs. Ribas 2,Nurullo Aliev vs. Joe Solecki,Joe Solecki,0.3646940377125723,174
2025-01-11,UFC Fight Night: Dern vs. Ribas 2,Thiago Moises vs. Trey Ogden,Thiago Moises,0.5198252904213019,-108
2025-01-11,UFC Fight Night: Dern vs. Ribas 2,Thiago Moises vs. Trey Ogden,Trey Ogden,0.46116913001227444,117
2025-01-11,UFC Fight Night: Dern vs. Ribas 2,Jose Johnson vs. Felipe Bunes,Jose Johnson,0.6093236231924499,-156
2025-01-11,UFC Fight Night: Dern vs. Ribas 2,Jose Johnson vs. Felipe Bunes,Felipe Bunes,0.38199278947872456,162
2025-01-18,UFC 311: Makhachev vs. Moicano,Jailton Almeida vs. Serghei Spivac,Jailton Almeida,0.5707125189826439,-133
2025-01-18,UFC 311: Makhachev vs. Moicano,Jailton Almeida vs. Serghei Spivac,Serghei Spivac,0.39494905858878826,153
2025-01-18,UFC 311: Makhachev vs. Moicano,Jiri Prochazka vs. Jamahal Hill,Jiri Prochazka,0.4828913010609521,107
2025-01-18,UFC 311: Makhachev vs. Moicano,Jiri Prochazka vs. Jamahal Hill,Jamahal Hill,0.47761062904025464,109
2025-01-18,UFC 311: Makhachev vs. Moicano,Grant Dawson vs. Diego Ferreira,Grant Dawson,0.6836639209561813,-216
2025-01-18,UFC 311: Makhachev vs. Moicano,Grant Dawson vs. Diego Ferreira,Diego Ferreira,0.3349557625144181,199
2025-01-18,UFC 311: Makhachev vs. Moicano,Payton Talbott vs. Raoni Barcelos,Payton Talbott,0.7200907793320379,-257
2025-01-18,UFC 311: Makhachev vs. Moicano,Payton Talbott vs. Raoni Barcelos,Raoni Barcelos,0.25599329936537357,291
2025-01-18,UFC 311: Makhachev vs. Moicano,Islam Makhachev vs. Renato Moicano,Islam Makhachev,0.8316907994919133,-494
2025-01-18,UFC 311: Makhachev vs. Moicano,Islam Makhachev vs. Renato Moicano,Renato Moicano,0.1746126027137338,473
2025-01-18,UFC 311: Makhachev vs. Moicano,Kevin Holland vs. Reinier de Ridder,Kevin Holland,0.5725589203554403,-134
2025-01-18,UFC 311: Makhachev vs. Moicano,Kevin Holland vs. Reinier de Ridder,Reinier de Ridder,0.4306356097267941,132
2025-01-18,UFC 311: Makhachev vs. Moicano,Tagir Ulanbekov vs. Clayton Carpenter,Tagir Ulanbekov,0.36523422594369764,174
2025-01-18,UFC 311: Makhachev vs. Moicano,Tagir Ulanbekov vs. Clayton Carpenter,Clayton Carpenter,0.6128974132310118,-158
2025-01-18,UFC 311: Makhachev vs. Moicano,Rinya Nakamura vs. Muin Gafurov,Rinya Nakamura,0.6543741739487524,-189
2025-01-18,UFC 311: Makhachev vs. Moicano,Rinya Nakamura vs. Muin Gafurov,Muin Gafurov,0.3766827510471714,165
2025-01-18,UFC 311: Makhachev vs. Moicano,Merab Dvalishvili vs. Umar Nurmagomedov,Merab Dvalishvili,0.5283163591781527,-112
2025-01-18,UFC 311: Makhachev vs. Moicano,Merab Dvalishvili vs. Umar Nurmagomedov,Umar Nurmagomedov,0.45024017313791836,122
2025-01-18,UFC 311: Makhachev vs. Moicano,Ricky Turcios vs. Benardo Sopaj,Ricky Turcios,0.40261852150005784,148
2025-01-18,UFC 311: Makhachev vs. Moicano,Ricky Turcios vs. Benardo Sopaj,Benardo Sopaj,0.607259968957767,-155
2025-02-01,UFC Fight Night: Adesanya vs. Imavov,Muhammad Naimov vs. Kaan Ofli,Muhammad Naimov,0.5492476724930302,-122
2025-02-01,UFC Fight Night: Adesanya vs. Imavov,Muhammad Naimov vs. Kaan Ofli,Kaan Ofli,0.4274683056854489,134
2025-02-01,UFC Fight Night: Adesanya vs. Imavov,Israel Adesanya vs. Nassourdine Imavov,Israel Adesanya,0.44180466985741934,126
2025-02-01,UFC Fight Night: Adesanya vs. Imavov,Israel Adesanya vs. Nassourdine Imavov,Nassourdine Imavov,0.570127389701209,-133
2025-02-01,UFC Fight Night: Adesanya vs. Imavov,Sergei Pavlovich vs. Jairzinho Rozenstruik,Sergei Pavlovich,0.5872255781417025,-142
2025-02-01,UFC Fight Night: Adesanya vs. Imavov,Sergei Pavlovich vs. Jairzinho Rozenstruik,Jairzinho Rozenstruik,0.392539882646197,155
2025-02-01,UFC Fight Night: Adesanya vs. Imavov,Terrance McKinney vs. Damir Hadzovic,Terrance McKinney,0.7542745856430637,-307
2025-02-01,UFC Fight Night: Adesanya vs. Imavov,Terrance McKinney vs. Damir Hadzovic,Damir Hadzovic,0.22680758621854283,341
2025-02-01,UFC Fight Night: Adesanya vs. Imavov,Said Nurmagomedov vs. Vinicius Oliveira,Said Nurmagomedov,0.5484234198177759,-121
2025-02-01,UFC Fight Night: Adesanya vs. Imavov,Said Nurmagomedov vs. Vinicius Oliveira,Vinicius Oliveira,0.4536804690502568,120
2025-02-01,UFC Fight Night: Adesanya vs. Imavov,Fares Ziam vs. Mike Davis,Fares Ziam,0.6411724401046961,-179
2025-02-01,UFC Fight Night: Adesanya vs. Imavov,Fares Ziam vs. Mike Davis,Mike Davis,0.30894049454935135,224
2025-02-01,UFC Fight Night: Adesanya vs. Imavov,Shamil Gaziev vs. Thomas Petersen,Shamil Gaziev,0.4320695312244793,131
2025-02-01,UFC Fight Night: Adesanya vs. Imavov,Shamil Gaziev vs. Thomas Petersen,Thomas Petersen,0.5781430238466136,-137
2025-02-01,UFC Fight Night: Adesanya vs. Imavov,Shara Magomedov vs. Michael Page,Shara Magomedov,0.5412227286870687,-118
2025-02-01,UFC Fight Night: Adesanya vs. Imavov,Shara Magomedov vs. Michael Page,Michael Page,0.44263502165922614,126
2025-02-08,UFC 312: Du Plessis vs. Strickland 2,Tom Nolan vs. Viacheslav Borshchev,Tom Nolan,0.6178623551971886,-162
2025-02-08,UFC 312: Du Plessis vs. Strickland 2,Tom Nolan vs. Viacheslav Borshchev,Viacheslav Borshchev,0.3367540908216535,197
2025-02-08,UFC 312: Du Plessis vs. Strickland 2,Jake Matthews vs. Francisco Prado,Jake Matthews,0.5183971476733625,-108
2025-02-08,UFC 312: Du Plessis vs. Strickland 2,Jake Matthews vs. Francisco Prado,Francisco Prado,0.46759025301691876,114
2025-02-08,UFC 312: Du Plessis vs. Strickland 2,Jimmy Crute vs. Rodolfo Bellato,Jimmy Crute,0.49797514824778805,101
2025-02-08,UFC 312: Du Plessis vs. Strickland 2,Jimmy Crute vs. Rodolfo Bellato,Rodolfo Bellato,0.4755133302199882,110
2025-02-08,UFC 312: Du Plessis vs. Strickland 2,Jack Jenkins vs. Gabriel Santos,Jack Jenkins,0.5659888779753368,-130
2025-02-08,UFC 312: Du Plessis vs. Strickland 2,Jack Jenkins vs. Gabriel Santos,Gabriel Santos,0.4260909143112634,135
2025-02-08,UFC 312: Du Plessis vs. Strickland 2,Dricus Du Plessis vs. Sean Strickland,Dricus Du Plessis,0.5273981241916598,-112
2025-02-08,UFC 312: Du Plessis vs. Strickland 2,Dricus Du Plessis vs. Sean Strickland,Sean Strickland,0.4283063417933748,133
2025-02-15,UFC Fight Night: Cannonier vs. Rodrigues,Rodolfo Vieira vs. Andre Petroski,Rodolfo Vieira,0.404465331577804,147
2025-02-15,UFC Fight Night: Cannonier vs. Rodrigues,Rodolfo Vieira vs. Andre Petroski,Andre Petroski,0.5665014096798919,-131
2025-02-15,UFC Fight Night: Cannonier vs. Rodrigues,Jared Cannonier vs. Gregory Rodrigues,Jared Cannonier,0.30063043719640475,233
2025-02-15,UFC Fight Night: Cannonier vs. Rodrigues,Jared Cannonier vs. Gregory Rodrigues,Gregory Rodrigues,0.6888632297810954,-221
2025-02-15,UFC Fight Night: Cannonier vs. Rodrigues,Rafael Estevam vs. Jesus Aguilar,Rafael Estevam,0.4036890773778835,148
2025-02-15,UFC Fight Night: Cannonier vs. Rodrigues,Rafael Estevam vs. Jesus Aguilar,Jesus Aguilar,0.579630777786033,-138
2025-02-15,UFC Fight Night: Cannonier vs. Rodrigues,Don'Tale Mayes vs. Valter Walker,Don'Tale Mayes,0.36770850217281126,172
2025-02-15,UFC Fight Night: Cannonier vs. Rodrigues,Don'Tale Mayes vs. Valter Walker,Valter Walker,0.6335135364756481,-173
2025-02-15,UFC Fight Night: Cannonier vs. Rodrigues,Gabriel Bonfim vs. Khaos Williams,Gabriel Bonfim,0.5640734080190758,-129
2025-02-15,UFC Fight Night: Cannonier vs. Rodrigues,Gabriel Bonfim vs. Khaos Williams,Khaos Williams,0.3856441419335317,159
2025-02-15,UFC Fight Night: Cannonier vs. Rodrigues,Ismael Bonfim vs. Nazim Sadykhov,Ismael Bonfim,0.647940316628297,-184
2025-02-15,UFC Fight Night: Cannonier vs. Rodrigues,Ismael Bonfim vs. Nazim Sadykhov,Nazim Sadykhov,0.3339040570307071,199
2025-02-15,UFC Fight Night: Cannonier vs. Rodrigues,Edmen Shahbazyan vs. Dylan Budka,Edmen Shahbazyan,0.5989374263553525,-149
2025-02-15,UFC Fight Night: Cannonier vs. Rodrigues,Edmen Shahbazyan vs. Dylan Budka,Dylan Budka,0.4329822870024157,131
2025-02-15,UFC Fight Night: Cannonier vs. Rodrigues,Calvin Kattar vs. Youssef Zalal,Calvin Kattar,0.23981019510034904,317
2025-02-15,UFC Fight Night: Cannonier vs. Rodrigues,Calvin Kattar vs. Youssef Zalal,Youssef Zalal,0.7429862373040448,-289
2025-02-22,UFC Fight Night: Cejudo vs. Song,Brendan Allen vs. Anthony Hernandez,Brendan Allen,0.4024780959771258,148
2025-02-22,UFC Fight Night: Cejudo vs. Song,Brendan Allen vs. Anthony Hernandez,Anthony Hernandez,0.5628798926606584,-129
2025-02-22,UFC Fight Night: Cejudo vs. Song,Ricky Simon vs. Javid Basharat,Ricky Simon,0.49144271254224303,103
2025-02-22,UFC Fight Night: Cejudo vs. Song,Ricky Simon vs. Javid Basharat,Javid Basharat,0.4797320711469425,108
2025-02-22,UFC Fight Night: Cejudo vs. Song,Henry Cejudo vs. Song Yadong,Henry Cejudo,0.3739966951530431,167
2025-02-22,UFC Fight Night: Cejudo vs. Song,Henry Cejudo vs. Song Yadong,Song Yadong,0.6229764214282676,-165
2025-02-22,UFC Fight Night: Cejudo vs. Song,Ion Cutelaba vs. Ibo Aslan,Ion Cutelaba,0.34917478855332224,186
2025-02-22,UFC Fight Night: Cejudo vs. Song,Ion Cutelaba vs. Ibo Aslan,Ibo Aslan,0.6301378974414308,-170
2025-02-22,UFC Fight Night: Cejudo vs. Song,Jean Silva vs. Melsik Baghdasaryan,Jean Silva,0.584690368965118,-141
2025-02-22,UFC Fight Night: Cejudo vs. Song,Jean Silva vs. Melsik Baghdasaryan,Melsik Baghdasaryan,0.401343837613824,149
2025-02-22,UFC Fight Night: Cejudo vs. Song,Modestas Bukauskas vs. Rafael Cerqueira,Modestas Bukauskas,0.6730463299441649,-206
2025-02-22,UFC Fight Night: Cejudo vs. Song,Modestas Bukauskas vs. Rafael Cerqueira,Rafael Cerqueira,0.3718150661135965,169
2025-02-22,UFC Fight Night: Cejudo vs. Song,Andre Fili vs. Melquizael Costa,Andre Fili,0.32531041950551276,207
2025-02-22,UFC Fight Night: Cejudo vs. Song,Andre Fili vs. Melquizael Costa,Melquizael Costa,0.6399810918016694,-178
2025-02-22,UFC Fight Night: Cejudo vs. Song,Rob Font vs. Jean Matsumoto,Rob Font,0.5443226449325425,-119
2025-02-22,UFC Fight Night: Cejudo vs. Song,Rob Font vs. Jean Matsumoto,Jean Matsumoto,0.4377636909507942,128
2025-03-01,UFC Fight Night: Kape vs. Almabayev,Hyder Amil vs. William Gomis,Hyder Amil,0.3682783874248318,172
2025-03-01,UFC Fight Night: Kape vs. Almabayev,Hyder Amil vs. William Gomis,William Gomis,0.5999748105487671,-150
2025-03-01,UFC Fight Night: Kape vs. Almabayev,Cody Brundage vs. Julian Marquez,Cody Brundage,0.6019699341796363,-151
2025-03-01,UFC Fight Night: Kape vs. Almabayev,Cody Brundage vs. Julian Marquez,Julian Marquez,0.3878305748336399,158
2025-03-01,UFC Fight Night: Kape vs. Almabayev,Danny Barlow vs. Sam Patterson,Danny Barlow,0.4386320386587398,128
2025-03-01,UFC Fight Night: Kape vs. Almabayev,Danny Barlow vs. Sam Patterson,Sam Patterson,0.5484686122556276,-121
2025-03-01,UFC Fight Night: Kape vs. Almabayev,Danny Silva vs. Lucas Almeida,Danny Silva,0.6600085619815363,-194
2025-03-01,UFC Fight Night: Kape vs. Almabayev,Danny Silva vs. Lucas Almeida,Lucas Almeida,0.30894017880925234,224
2025-03-01,UFC Fight Night: Kape vs. Almabayev,Nasrat Haqparast vs. Esteban Ribovics,Nasrat Haqparast,0.5016421050573794,-101
2025-03-01,UFC Fight Night: Kape vs. Almabayev,Nasrat Haqparast vs. Esteban Ribovics,Esteban Ribovics,0.44256573522271675,126
2025-03-01,UFC Fight Night: Kape vs. Almabayev,Manel Kape vs. Asu Almabayev,Manel Kape,0.43257895469787705,131
2025-03-01,UFC Fight Night: Kape vs. Almabayev,Manel Kape vs. Asu Almabayev,Asu Almabayev,0.5363441190445525,-116
2025-03-01,UFC Fight Night: Kape vs. Almabayev,Ricardo Ramos vs. Chepe Mariscal,Ricardo Ramos,0.31763886507461353,215
2025-03-01,UFC Fight Night: Kape vs. Almabayev,Ricardo Ramos vs. Chepe Mariscal,Chepe Mariscal,0.6516580931997489,-187
2025-03-01,UFC Fight Night: Kape vs. Almabayev,Charles Johnson vs. Ramazan Temirov,Charles Johnson,0.47852885243411314,109
2025-03-01,UFC Fight Night: Kape vs. Almabayev,Charles Johnson vs. Ramazan Temirov,Ramazan Temirov,0.5033639256769551,-101
2025-03-08,UFC 313: Pereira vs. Ankalaev,Jalin Turner vs. Ignacio Bahamondes,Jalin Turner,0.4524120299053335,121
2025-03-08,UFC 313: Pereira vs. Ankalaev,Jalin Turner vs. Ignacio Bahamondes,Ignacio Bahamondes,0.5246504332619769,-110
2025-03-08,UFC 313: Pereira vs. Ankalaev,Alex Morono vs. Carlos Leal,Alex Morono,0.4937484716274538,103
2025-03-08,UFC 313: Pereira vs. Ankalaev,Alex Morono vs. Carlos Leal,Carlos Leal,0.49325627965115126,103
2025-03-08,UFC 313: Pereira vs. Ankalaev,Mairon Santos vs. Francis Marshall,Mairon Santos,0.6436163953808789,-181
2025-03-08,UFC 313: Pereira vs. Ankalaev,Mairon Santos vs. Francis Marshall,Francis Marshall,0.36108537459627665,177
2025-03-08,UFC 313: Pereira vs. Ankalaev,Justin Gaethje vs. Rafael Fiziev,Justin Gaethje,0.5109877188942458,-104
2025-03-08,UFC 313: Pereira vs. Ankalaev,Justin Gaethje vs. Rafael Fiziev,Rafael Fiziev,0.4565825702970274,119
2025-03-08,UFC 313: Pereira vs. Ankalaev,Brunno Ferreira vs. Armen Petrosyan,Brunno Ferreira,0.5565561239352333,-126
2025-03-08,UFC 313: Pereira vs. Ankalaev,Brunno Ferreira vs. Armen Petrosyan,Armen Petrosyan,0.4489329016400298,123
2025-03-08,UFC 313: Pereira vs. Ankalaev,Joshua Van vs. Rei Tsuruya,Joshua Van,0.5301949616070013,-113
2025-03-08,UFC 313: Pereira vs. Ankalaev,Joshua Van vs. Rei Tsuruya,Rei Tsuruya,0.4737245268759213,111
2025-03-08,UFC 313: Pereira vs. Ankalaev,Alex Pereira vs. Magomed Ankalaev,Alex Pereira,0.4451339756755625,125
2025-03-08,UFC 313: Pereira vs. Ankalaev,Alex Pereira vs. Magomed Ankalaev,Magomed Ankalaev,0.5554529557741394,-125
2025-03-08,UFC 313: Pereira vs. Ankalaev,King Green vs. Mauricio Ruffy,King Green,0.4624500875227897,116
2025-03-08,UFC 313: Pereira vs. Ankalaev,King Green vs. Mauricio Ruffy,Mauricio Ruffy,0.525701562835917,-111
2025-03-15,UFC Fight Night: Vettori vs. Dolidze 2,Alexander Hernandez vs. Kurt Holobaugh,Alexander Hernandez,0.657884096192572,-192
2025-03-15,UFC Fight Night: Vettori vs. Dolidze 2,Alexander Hernandez vs. Kurt Holobaugh,Kurt Holobaugh,0.3123090015205832,220
2025-03-15,UFC Fight Night: Vettori vs. Dolidze 2,Da'Mon Blackshear vs. Cody Gibson,Da'Mon Blackshear,0.6157908994809773,-160
2025-03-15,UFC Fight Night: Vettori vs. Dolidze 2,Da'Mon Blackshear vs. Cody Gibson,Cody Gibson,0.352379491670355,184
2025-03-15,UFC Fight Night: Vettori vs. Dolidze 2,SuYoung You vs. AJ Cunningham,SuYoung You,0.755181912381009,-308
2025-03-15,UFC Fight Night: Vettori vs. Dolidze 2,SuYoung You vs. AJ Cunningham,AJ Cunningham,0.2083104945854473,380
2025-03-15,UFC Fight Night: Vettori vs. Dolidze 2,Marvin Vettori vs. Roman Dolidze,Marvin Vettori,0.5058790873057288,-102
2025-03-15,UFC Fight Night: Vettori vs. Dolidze 2,Marvin Vettori vs. Roman Dolidze,Roman Dolidze,0.48978612683698036,104
2025-03-15,UFC Fight Night: Vettori vs. Dolidze 2,Waldo Cortes-Acosta vs. Ryan Spann,Waldo Cortes-Acosta,0.603027727845799,-152
2025-03-15,UFC Fight Night: Vettori vs. Dolidze 2,Waldo Cortes-Acosta vs. Ryan Spann,Ryan Spann,0.387052133258802,158
2025-03-15,UFC Fight Night: Vettori vs. Dolidze 2,Chidi Njokuani vs. Elizeu Zaleski dos Santos,Chidi Njokuani,0.44889585102940843,123
2025-03-15,UFC Fight Night: Vettori vs. Dolidze 2,Chidi Njokuani vs. Elizeu Zaleski dos Santos,Elizeu Zaleski dos Santos,0.5373694530793122,-116
2025-03-15,UFC Fight Night: Vettori vs. Dolidze 2,Daniel Barez vs. Andre Lima,Daniel Barez,0.2856331310221972,250
2025-03-15,UFC Fight Night: Vettori vs. Dolidze 2,Daniel Barez vs. Andre Lima,Andre Lima,0.6932227914922371,-226
2025-03-22,UFC Fight Night: Edwards vs. Brady,Gunnar Nelson vs. Kevin Holland,Gunnar Nelson,0.3493315083684383,186
2025-03-22,UFC Fight Night: Edwards vs. Brady,Gunnar Nelson vs. Kevin Holland,Kevin Holland,0.6616061337233171,-196
2025-03-22,UFC Fight Night: Edwards vs. Brady,Jordan Vucenic vs. Chris Duncan,Jordan Vucenic,0.4837976880383586,107
2025-03-22,UFC Fight Night: Edwards vs. Brady,Jordan Vucenic vs. Chris Duncan,Chris Duncan,0.5196402794718012,-108
2025-03-22,UFC Fight Night: Edwards vs. Brady,Guram Kutateladze vs. Kaue Fernandes,Guram Kutateladze,0.31250873174104554,220
2025-03-22,UFC Fight Night: Edwards vs. Brady,Guram Kutateladze vs. Kaue Fernandes,Kaue Fernandes,0.7129886533745037,-248
2025-03-22,UFC Fight Night: Edwards vs. Brady,Jai Herbert vs. Chris Padilla,Jai Herbert,0.28818290880383757,247
2025-03-22,UFC Fight Night: Edwards vs. Brady,Jai Herbert vs. Chris Padilla,Chris Padilla,0.6927327153566321,-225
2025-03-22,UFC Fight Night: Edwards vs. Brady,Lone'er Kavanagh vs. Felipe dos Santos,Lone'er Kavanagh,0.5838571591100964,-140
2025-03-22,UFC Fight Night: Edwards vs. Brady,Lone'er Kavanagh vs. Felipe dos Santos,Felipe dos Santos,0.40498773758810225,147
2025-03-22,UFC Fight Night: Edwards vs. Brady,Marcin Tybura vs. Mick Parkin,Marcin Tybura,0.41030471485253167,144
2025-03-22,UFC Fight Night: Edwards vs. Brady,Marcin Tybura vs. Mick Parkin,Mick Parkin,0.5737985316161609,-135
2025-03-22,UFC Fight Night: Edwards vs. Brady,Jan Blachowicz vs. Carlos Ulberg,Jan Blachowicz,0.3497245502914666,186
2025-03-22,UFC Fight Night: Edwards vs. Brady,Jan Blachowicz vs. Carlos Ulberg,Carlos Ulberg,0.6608892318841285,-195
2025-03-22,UFC Fight Night: Edwards vs. Brady,Nathaniel Wood vs. Morgan Charriere,Nathaniel Wood,0.5348142648089076,-115
2025-03-22,UFC Fight Night: Edwards vs. Brady,Nathaniel Wood vs. Morgan Charriere,Morgan Charriere,0.448294816520788,123
2025-03-22,UFC Fight Night: Edwards vs. Brady,Leon Edwards vs. Sean Brady,Leon Edwards,0.5595240565164071,-127
2025-03-22,UFC Fight Night: Edwards vs. Brady,Leon Edwards vs. Sean Brady,Sean Brady,0.45318987196432514,121
2025-03-22,UFC Fight Night: Edwards vs. Brady,Nathan Fletcher vs. Caolan Loughran,Nathan Fletcher,0.7095056134945749,-244
2025-03-22,UFC Fight Night: Edwards vs. Brady,Nathan Fletcher vs. Caolan Loughran,Caolan Loughran,0.28396190770147234,252
2025-03-29,UFC Fight Night: Moreno vs. Erceg,Raul Rosas Jr. vs. Vince Morales,Raul Rosas Jr.,0.8235157820398225,-467
2025-03-29,UFC Fight Night: Moreno vs. Erceg,Raul Rosas Jr. vs. Vince Morales,Vince Morales,0.16000391875494907,525
2025-03-29,UFC Fight Night: Moreno vs. Erceg,Edgar Chairez vs. CJ Vergara,Edgar Chairez,0.5164136836444689,-107
2025-03-29,UFC Fight Night: Moreno vs. Erceg,Edgar Chairez vs. CJ Vergara,CJ Vergara,0.4515836114082343,121
2025-03-29,UFC Fight Night: Moreno vs. Erceg,Ronaldo Rodriguez vs. Kevin Borjas,Ronaldo Rodriguez,0.5526601980624961,-124
2025-03-29,UFC Fight Night: Moreno vs. Erceg,Ronaldo Rodriguez vs. Kevin Borjas,Kevin Borjas,0.42259823010996533,137
2025-03-29,UFC Fight Night: Moreno vs. Erceg,Manuel Torres vs. Drew Dober,Manuel Torres,0.6124421825544116,-158
2025-03-29,UFC Fight Night: Moreno vs. Erceg,Manuel Torres vs. Drew Dober,Drew Dober,0.36845180744671463,171
2025-03-29,UFC Fight Night: Moreno vs. Erceg,Rafa Garcia vs. Vinc Pichel,Rafa Garcia,0.6273433294739859,-168
2025-03-29,UFC Fight Night: Moreno vs. Erceg,Rafa Garcia vs. Vinc Pichel,Vinc Pichel,0.3332325952930178,200
2025-03-29,UFC Fight Night: Moreno vs. Erceg,Christian Rodriguez vs. Melquizael Costa,Christian Rodriguez,0.4987648431736557,100
2025-03-29,UFC Fight Night: Moreno vs. Erceg,Christian Rodriguez vs. Melquizael Costa,Melquizael Costa,0.4793507225379871,109
2025-03-29,UFC Fight Night: Moreno vs. Erceg,MarQuel Mederos vs. Austin Hubbard,MarQuel Mederos,0.6147090571467977,-160
2025-03-29,UFC Fight Night: Moreno vs. Erceg,MarQuel Mederos vs. Austin Hubbard,Austin Hubbard,0.34795254750997534,187
2025-03-29,UFC Fight Night: Moreno vs. Erceg,Jamall Emmers vs. Gabriel Miranda,Jamall Emmers,0.6188039647843329,-162
2025-03-29,UFC Fight Night: Moreno vs. Erceg,Jamall Emmers vs. Gabriel Miranda,Gabriel Miranda,0.3368336632713485,197
2025-03-29,UFC Fight Night: Moreno vs. Erceg,Brandon Moreno vs. Steve Erceg,Brandon Moreno,0.69999606667776,-233
2025-03-29,UFC Fight Night: Moreno vs. Erceg,Brandon Moreno vs. Steve Erceg,Steve Erceg,0.28855990321372166,247
2025-04-05,UFC Fight Night: Emmett vs. Murphy,Cortavious Romious vs. ChangHo Lee,Cortavious Romious,0.42185437777897866,137
2025-04-05,UFC Fight Night: Emmett vs. Murphy,Cortavious Romious vs. ChangHo Lee,ChangHo Lee,0.5928914454757496,-146
2025-04-05,UFC Fight Night: Emmett vs. Murphy,Brad Tavares vs. Gerald Meerschaert,Brad Tavares,0.4196308983035527,138
2025-04-05,UFC Fight Night: Emmett vs. Murphy,Brad Tavares vs. Gerald Meerschaert,Gerald Meerschaert,0.5614612135715014,-128
2025-04-05,UFC Fight Night: Emmett vs. Murphy,Pat Sabatini vs. Joanderson Brito,Pat Sabatini,0.4276227245270615,134
2025-04-05,UFC Fight Night: Emmett vs. Murphy,Pat Sabatini vs. Joanderson Brito,Joanderson Brito,0.5676913011809942,-131
2025-04-05,UFC Fight Night: Emmett vs. Murphy,Josh Emmett vs. Lerone Murphy,Josh Emmett,0.1911163892307138,423
2025-04-05,UFC Fight Night: Emmett vs. Murphy,Josh Emmett vs. Lerone Murphy,Lerone Murphy,0.7832663104401464,-361
2025-04-05,UFC Fight Night: Emmett vs. Murphy,Victor Henry vs. Pedro Falcao,Victor Henry,0.48121456515242483,108
2025-04-05,UFC Fight Night: Emmett vs. Murphy,Victor Henry vs. Pedro Falcao,Pedro Falcao,0.49068058984380225,104
2025-04-12,UFC 314: Volkanovski vs. Lopes,Tresean Gore vs. Marco Tulio,Tresean Gore,0.4344916967235585,130
2025-04-12,UFC 314: Volkanovski vs. Lopes,Tresean Gore vs. Marco Tulio,Marco Tulio,0.5527595816369398,-124
2025-04-12,UFC 314: Volkanovski vs. Lopes,Alexander Volkanovski vs. Diego Lopes,Alexander Volkanovski,0.5545303250435728,-124
2025-04-12,UFC 314: Volkanovski vs. Lopes,Alexander Volkanovski vs. Diego Lopes,Diego Lopes,0.44717714834876654,124
2025-04-12,UFC 314: Volkanovski vs. Lopes,Nikita Krylov vs. Dominick Reyes,Nikita Krylov,0.6435231717852056,-181
2025-04-12,UFC 314: Volkanovski vs. Lopes,Nikita Krylov vs. Dominick Reyes,Dominick Reyes,0.3419731415905846,192
2025-04-12,UFC 314: Volkanovski vs. Lopes,Dan Ige vs. Sean Woodson,Dan Ige,0.31729522728784687,215
2025-04-12,UFC 314: Volkanovski vs. Lopes,Dan Ige vs. Sean Woodson,Sean Woodson,0.664643158890651,-198
2025-04-12,UFC 314: Volkanovski vs. Lopes,Sedriques Dumas vs. Michal Oleksiejczuk,Sedriques Dumas,0.5813033383126315,-139
2025-04-12,UFC 314: Volkanovski vs. Lopes,Sedriques Dumas vs. Michal Oleksiejczuk,Michal Oleksiejczuk,0.40049455027201564,150
2025-04-12,UFC 314: Volkanovski vs. Lopes,Sumudaerji vs. Mitch Raposo,Sumudaerji,0.5579611166175796,-126
2025-04-12,UFC 314: Volkanovski vs. Lopes,Sumudaerji vs. Mitch Raposo,Mitch Raposo,0.4380049793736707,128
2025-04-12,UFC 314: Volkanovski vs. Lopes,Michael Chandler vs. Paddy Pimblett,Michael Chandler,0.2687573648744787,272
2025-04-12,UFC 314: Volkanovski vs. Lopes,Michael Chandler vs. Paddy Pimblett,Paddy Pimblett,0.7250209247159308,-264
2025-04-12,UFC 314: Volkanovski vs. Lopes,Darren Elkins vs. Julian Erosa,Darren Elkins,0.40799917360160326,145
2025-04-12,UFC 314: Volkanovski vs. Lopes,Darren Elkins vs. Julian Erosa,Julian Erosa,0.5399742788186341,-117
2025-04-12,UFC 314: Volkanovski vs. Lopes,Bryce Mitchell vs. Jean Silva,Bryce Mitchell,0.46977587718436997,113
2025-04-12,UFC 314: Volkanovski vs. Lopes,Bryce Mitchell vs. Jean Silva,Jean Silva,0.48962888550050554,104
2025-04-12,UFC 314: Volkanovski vs. Lopes,Jim Miller vs. Chase Hooper,Jim Miller,0.22189689542674473,351
2025-04-12,UFC 314: Volkanovski vs. Lopes,Jim Miller vs. Chase Hooper,Chase Hooper,0.7576191269081675,-313
2025-04-26,UFC Fight Night: Machado Garry vs. Prates,Michel Pereira vs. Abus Magomedov,Michel Pereira,0.5751310629162065,-135
2025-04-26,UFC Fight Night: Machado Garry vs. Prates,Michel Pereira vs. Abus Magomedov,Abus Magomedov,0.39099807750899673,156
2025-04-26,UFC Fight Night: Machado Garry vs. Prates,Matt Schnell vs. Jimmy Flick,Matt Schnell,0.4659729811541269,115
2025-04-26,UFC Fight Night: Machado Garry vs. Prates,Matt Schnell vs. Jimmy Flick,Jimmy Flick,0.450870800573319,122
2025-04-26,UFC Fight Night: Machado Garry vs. Prates,Ikram Aliskerov vs. Andre Muniz,Ikram Aliskerov,0.3939223816393156,154
2025-04-26,UFC Fight Night: Machado Garry vs. Prates,Ikram Aliskerov vs. Andre Muniz,Andre Muniz,0.5639272736909235,-129
2025-04-26,UFC Fight Night: Machado Garry vs. Prates,Anthony Smith vs. Zhang Mingyang,Anthony Smith,0.3046809702407943,228
2025-04-26,UFC Fight Night: Machado Garry vs. Prates,Anthony Smith vs. Zhang Mingyang,Zhang Mingyang,0.6480978914944191,-184
2025-04-26,UFC Fight Night: Machado Garry vs. Prates,Randy Brown vs. Nicolas Dalby,Randy Brown,0.6930254016472094,-226
2025-04-26,UFC Fight Night: Machado Garry vs. Prates,Randy Brown vs. Nicolas Dalby,Nicolas Dalby,0.29283023358807464,241
2025-04-26,UFC Fight Night: Machado Garry vs. Prates,Ian Machado Garry vs. Carlos Prates,Ian Machado Garry,0.6309567986367965,-171
2025-04-26,UFC Fight Night: Machado Garry vs. Prates,Ian Machado Garry vs. Carlos Prates,Carlos Prates,0.3786049240563099,164
2025-04-26,UFC Fight Night: Machado Garry vs. Prates,Timmy Cuamba vs. Roberto Romero,Timmy Cuamba,0.5513396196619402,-123
2025-04-26,UFC Fight Night: Machado Garry vs. Prates,Timmy Cuamba vs. Roberto Romero,Roberto Romero,0.4368411815543322,129
2025-04-26,UFC Fight Night: Machado Garry vs. Prates,Chris Gutierrez vs. John Castaneda,Chris Gutierrez,0.66421667432564,-198
2025-04-26,UFC Fight Night: Machado Garry vs. Prates,Chris Gutierrez vs. John Castaneda,John Castaneda,0.2944629487622912,240
2025-04-26,UFC Fight Night: Machado Garry vs. Prates,Giga Chikadze vs. David Onama,Giga Chikadze,0.42370883333377485,136
2025-04-26,UFC Fight Night: Machado Garry vs. Prates,Giga Chikadze vs. David Onama,David Onama,0.5205037103184499,-109
2025-04-26,UFC Fight Night: Machado Garry vs. Prates,Da'Mon Blackshear vs. Alatengheili,Da'Mon Blackshear,0.6098419170017179,-156
2025-04-26,UFC Fight Night: Machado Garry vs. Prates,Da'Mon Blackshear vs. Alatengheili,Alatengheili,0.36163357866294776,177
2025-05-03,UFC Fight Night: Sandhagen vs. Figueiredo,Gaston Bolanos vs. Quang Le,Gaston Bolanos,0.6014999810932071,-151
2025-05-03,UFC Fight Night: Sandhagen vs. Figueiredo,Gaston Bolanos vs. Quang Le,Quang Le,0.41828800792315995,139
2025-05-03,UFC Fight Night: Sandhagen vs. Figueiredo,Reinier de Ridder vs. Bo Nickal,Reinier de Ridder,0.4007881567326291,150
2025-05-03,UFC Fight Night: Sandhagen vs. Figueiredo,Reinier de Ridder vs. Bo Nickal,Bo Nickal,0.5865552577964069,-142
2025-05-03,UFC Fight Night: Sandhagen vs. Figueiredo,Ryan Loder vs. Azamat Bekoev,Ryan Loder,0.4659881035194738,115
2025-05-03,UFC Fight Night: Sandhagen vs. Figueiredo,Ryan Loder vs. Azamat Bekoev,Azamat Bekoev,0.5623891689827011,-129
2025-05-03,UFC Fight Night: Sandhagen vs. Figueiredo,Montel Jackson vs. Daniel Marcos,Montel Jackson,0.7132060094443824,-249
2025-05-03,UFC Fight Night: Sandhagen vs. Figueiredo,Montel Jackson vs. Daniel Marcos,Daniel Marcos,0.24916199733452266,301
2025-05-03,UFC Fight Night: Sandhagen vs. Figueiredo,Cameron Smotherman vs. Serhiy Sidey,Cameron Smotherman,0.5277721223985147,-112
2025-05-03,UFC Fight Night: Sandhagen vs. Figueiredo,Cameron Smotherman vs. Serhiy Sidey,Serhiy Sidey,0.45866508921090904,118
2025-05-03,UFC Fight Night: Sandhagen vs. Figueiredo,Thomas Petersen vs. Don'Tale Mayes,Thomas Petersen,0.603383538209602,-152
2025-05-03,UFC Fight Night: Sandhagen vs. Figueiredo,Thomas Petersen vs. Don'Tale Mayes,Don'Tale Mayes,0.3827978935264986,161
2025-05-03,UFC Fight Night: Sandhagen vs. Figueiredo,Jeremy Stephens vs. Mason Jones,Jeremy Stephens,0.35911893330645966,178
2025-05-03,UFC Fight Night: Sandhagen vs. Figueiredo,Jeremy Stephens vs. Mason Jones,Mason Jones,0.640758077626864,-178
2025-05-03,UFC Fight Night: Sandhagen vs. Figueiredo,Santiago Ponzinibbio vs. Daniel Rodriguez,Santiago Ponzinibbio,0.5330126673779562,-114
2025-05-03,UFC Fight Night: Sandhagen vs. Figueiredo,Santiago Ponzinibbio vs. Daniel Rodriguez,Daniel Rodriguez,0.47457506346691175,111
2025-05-03,UFC Fight Night: Sandhagen vs. Figueiredo,Cory Sandhagen vs. Deiveson Figueiredo,Cory Sandhagen,0.742246398888983,-288
2025-05-03,UFC Fight Night: Sandhagen vs. Figueiredo,Cory Sandhagen vs. Deiveson Figueiredo,Deiveson Figueiredo,0.2634359633221005,280
2025-05-10,UFC 315: Muhammad vs. Della Maddalena,Brad Katona vs. Bekzat Almakhan,Brad Katona,0.5208850738336046,-109
2025-05-10,UFC 315: Muhammad vs. Della Maddalena,Brad Katona vs. Bekzat Almakhan,Bekzat Almakhan,0.4598972953916039,117
2025-05-10,UFC 315: Muhammad vs. Della Maddalena,Benoit Saint Denis vs. Kyle Prepolec,Benoit Saint Denis,0.7704503127756225,-336
2025-05-10,UFC 315: Muhammad vs. Della Maddalena,Benoit Saint Denis vs. Kyle Prepolec,Kyle Prepolec,0.22499288505018736,344
2025-05-10,UFC 315: Muhammad vs. Della Maddalena,Marc-Andre Barriault vs. Bruno Silva,Marc-Andre Barriault,0.49364586087955015,103
2025-05-10,UFC 315: Muhammad vs. Della Maddalena,Marc-Andre Barriault vs. Bruno Silva,Bruno Silva,0.4311341570816763,132
2025-05-10,UFC 315: Muhammad vs. Della Maddalena,Mike Malott vs. Charles Radtke,Mike Malott,0.5781392119319528,-137
2025-05-10,UFC 315: Muhammad vs. Della Maddalena,Mike Malott vs. Charles Radtke,Charles Radtke,0.403033513656489,148
2025-05-10,UFC 315: Muhammad vs. Della Maddalena,Modestas Bukauskas vs. Ion Cutelaba,Modestas Bukauskas,0.43112874712079263,132
2025-05-10,UFC 315: Muhammad vs. Della Maddalena,Modestas Bukauskas vs. Ion Cutelaba,Ion Cutelaba,0.5557164864105832,-125
2025-05-10,UFC 315: Muhammad vs. Della Maddalena,Jose Aldo vs. Aiemann Zahabi,Jose Aldo,0.47272779119845443,112
2025-05-10,UFC 315: Muhammad vs. Della Maddalena,Jose Aldo vs. Aiemann Zahabi,Aiemann Zahabi,0.47480415526929143,111
2025-05-10,UFC 315: Muhammad vs. Della Maddalena,Belal Muhammad vs. Jack Della Maddalena,Belal Muhammad,0.4240520609060276,136
2025-05-10,UFC 315: Muhammad vs. Della Maddalena,Belal Muhammad vs. Jack Della Maddalena,Jack Della Maddalena,0.57409026235451,-135
2025-05-10,UFC 315: Muhammad vs. Della Maddalena,Navajo Stirling vs. Ivan Erslan,Navajo Stirling,0.6668872085240966,-200
2025-05-10,UFC 315: Muhammad vs. Della Maddalena,Navajo Stirling vs. Ivan Erslan,Ivan Erslan,0.3661776880448336,173
2025-05-10,UFC 315: Muhammad vs. Della Maddalena,Daniel Santos vs. JeongYeong Lee,Daniel Santos,0.44793996489534027,123
2025-05-10,UFC 315: Muhammad vs. Della Maddalena,Daniel Santos vs. JeongYeong Lee,JeongYeong Lee,0.556147216990426,-125
2025-05-17,UFC Fight Night: Burns vs. Morales,Dustin Stoltzfus vs. Nursulton Ruziboev,Dustin Stoltzfus,0.3421617459723596,192
2025-05-17,UFC Fight Night: Burns vs. Morales,Dustin Stoltzfus vs. Nursulton Ruziboev,Nursulton Ruziboev,0.6236485358441956,-166
2025-05-17,UFC Fight Night: Burns vs. Morales,Sodiq Yusuff vs. Mairon Santos,Sodiq Yusuff,0.33484189530957226,199
2025-05-17,UFC Fight Night: Burns vs. Morales,Sodiq Yusuff vs. Mairon Santos,Mairon Santos,0.6641444692651812,-198
2025-05-17,UFC Fight Night: Burns vs. Morales,Jared Gordon vs. Thiago Moises,Jared Gordon,0.5391084696627538,-117
2025-05-17,UFC Fight Night: Burns vs. Morales,Jared Gordon vs. Thiago Moises,Thiago Moises,0.4337945103923295,131
2025-05-17,UFC Fight Night: Burns vs. Morales,Julian Erosa vs. Melquizael Costa,Julian Erosa,0.3635386874979526,175
2025-05-17,UFC Fight Night: Burns vs. Morales,Julian Erosa vs. Melquizael Costa,Melquizael Costa,0.6270119833186936,-168
2025-05-17,UFC Fight Night: Burns vs. Morales,Gilbert Burns vs. Michael Morales,Gilbert Burns,0.27622818752496825,262
2025-05-17,UFC Fight Night: Burns vs. Morales,Gilbert Burns vs. Michael Morales,Michael Morales,0.7264412705678742,-266
2025-05-17,UFC Fight Night: Burns vs. Morales,HyunSung Park vs. Carlos Hernandez,HyunSung Park,0.5627064449014061,-129
2025-05-17,UFC Fight Night: Burns vs. Morales,HyunSung Park vs. Carlos Hernandez,Carlos Hernandez,0.4225805222494855,137
2025-05-31,UFC Fight Night: Blanchfield vs. Barber,Jafel Filho vs. Allan Nascimento,Jafel Filho,0.44233157021221176,126
2025-05-31,UFC Fight Night: Blanchfield vs. Barber,Jafel Filho vs. Allan Nascimento,Allan Nascimento,0.5839431122062759,-140
2025-05-31,UFC Fight Night: Blanchfield vs. Barber,Dustin Jacoby vs. Bruno Lopes,Dustin Jacoby,0.4494597803181302,122
2025-05-31,UFC Fight Night: Blanchfield vs. Barber,Dustin Jacoby vs. Bruno Lopes,Bruno Lopes,0.5637549829744519,-129
2025-05-31,UFC Fight Night: Blanchfield vs. Barber,Kurt Holobaugh vs. Jordan Leavitt,Kurt Holobaugh,0.29975424876466356,234
2025-05-31,UFC Fight Night: Blanchfield vs. Barber,Kurt Holobaugh vs. Jordan Leavitt,Jordan Leavitt,0.6685461657124854,-202
2025-05-31,UFC Fight Night: Blanchfield vs. Barber,Billy Ray Goff vs. Ramiz Brahimaj,Billy Ray Goff,0.6305987478474976,-171
2025-05-31,UFC Fight Night: Blanchfield vs. Barber,Billy Ray Goff vs. Ramiz Brahimaj,Ramiz Brahimaj,0.3376860665996145,196
2025-05-31,UFC Fight Night: Blanchfield vs. Barber,Zachary Reese vs. Dusko Todorovic,Zachary Reese,0.616146697262516,-161
2025-05-31,UFC Fight Night: Blanchfield vs. Barber,Zachary Reese vs. Dusko Todorovic,Dusko Todorovic,0.3541032413683832,182
2025-05-31,UFC Fight Night: Blanchfield vs. Barber,Mateusz Gamrot vs. Ludovit Klein,Mateusz Gamrot,0.38968589657483255,157
2025-05-31,UFC Fight Night: Blanchfield vs. Barber,Mateusz Gamrot vs. Ludovit Klein,Ludovit Klein,0.5953602939070483,-147
2025-06-07,UFC 316: Dvalishvili vs. O'Malley 2,Vicente Luque vs. Kevin Holland,Vicente Luque,0.5234177419550844,-110
2025-06-07,UFC 316: Dvalishvili vs. O'Malley 2,Vicente Luque vs. Kevin Holland,Kevin Holland,0.4958623805954655,102
2025-06-07,UFC 316: Dvalishvili vs. O'Malley 2,Azamat Murzakanov vs. Brendson Ribeiro,Azamat Murzakanov,0.509498607607434,-104
2025-06-07,UFC 316: Dvalishvili vs. O'Malley 2,Azamat Murzakanov vs. Brendson Ribeiro,Brendson Ribeiro,0.4789480302942683,109
2025-06-07,UFC 316: Dvalishvili vs. O'Malley 2,Quillan Salkilld vs. Yanal Ashmouz,Quillan Salkilld,0.7515077823600776,-302
2025-06-07,UFC 316: Dvalishvili vs. O'Malley 2,Quillan Salkilld vs. Yanal Ashmouz,Yanal Ashmouz,0.2481015847906853,303
2025-06-07,UFC 316: Dvalishvili vs. O'Malley 2,Merab Dvalishvili vs. Sean O'Malley,Merab Dvalishvili,0.6627410183376974,-197
2025-06-07,UFC 316: Dvalishvili vs. O'Malley 2,Merab Dvalishvili vs. Sean O'Malley,Sean O'Malley,0.31173147899561787,221
2025-06-07,UFC 316: Dvalishvili vs. O'Malley 2,Serghei Spivac vs. Waldo Cortes-Acosta,Serghei Spivac,0.5652028136674356,-130
2025-06-07,UFC 316: Dvalishvili vs. O'Malley 2,Serghei Spivac vs. Waldo Cortes-Acosta,Waldo Cortes-Acosta,0.4338166374506361,131
2025-06-07,UFC 316: Dvalishvili vs. O'Malley 2,Bruno Silva vs. Joshua Van,Bruno Silva,0.15997437375814694,525
2025-06-07,UFC 316: Dvalishvili vs. O'Malley 2,Bruno Silva vs. Joshua Van,Joshua Van,0.8223379361028607,-463
2025-06-07,UFC 316: Dvalishvili vs. O'Malley 2,Kelvin Gastelum vs. Joe Pyfer,Kelvin Gastelum,0.4262808108669046,135
2025-06-07,UFC 316: Dvalishvili vs. O'Malley 2,Kelvin Gastelum vs. Joe Pyfer,Joe Pyfer,0.5687340869208432,-132
2025-06-14,UFC Fight Night: Usman vs. Buckley,Malcolm Wellmaker vs. Kris Moutinho,Malcolm Wellmaker,0.645362255273215,-182
2025-06-14,UFC Fight Night: Usman vs. Buckley,Malcolm Wellmaker vs. Kris Moutinho,Kris Moutinho,0.2526927873290524,296
2025-06-14,UFC Fight Night: Usman vs. Buckley,Kamaru Usman vs. Joaquin Buckley,Kamaru Usman,0.4731515922877594,111
2025-06-14,UFC Fight Night: Usman vs. Buckley,Kamaru Usman vs. Joaquin Buckley,Joaquin Buckley,0.5444104784212382,-119
2025-06-14,UFC Fight Night: Usman vs. Buckley,Michael Chiesa vs. Court McGee,Michael Chiesa,0.6047312152901355,-153
2025-06-14,UFC Fight Night: Usman vs. Buckley,Michael Chiesa vs. Court McGee,Court McGee,0.4011729039363937,149
2025-06-14,UFC Fight Night: Usman vs. Buckley,Ricky Simon vs. Cameron Smotherman,Ricky Simon,0.5075364181555929,-103
2025-06-14,UFC Fight Night: Usman vs. Buckley,Ricky Simon vs. Cameron Smotherman,Cameron Smotherman,0.4680275353642851,114
2025-06-14,UFC Fight Night: Usman vs. Buckley,Cody Durden vs. Jose Ochoa,Cody Durden,0.42924992454651534,133
2025-06-14,UFC Fight Night: Usman vs. Buckley,Cody Durden vs. Jose Ochoa,Jose Ochoa,0.546197390874995,-120
2025-06-14,UFC Fight Night: Usman vs. Buckley,Phil Rowe vs. Ange Loosa,Phil Rowe,0.43936810506256385,128
2025-06-14,UFC Fight Night: Usman vs. Buckley,Phil Rowe vs. Ange Loosa,Ange Loosa,0.4982258742983522,101
2025-06-14,UFC Fight Night: Usman vs. Buckley,Edmen Shahbazyan vs. Andre Petroski,Edmen Shahbazyan,0.6016859260653454,-151
2025-06-14,UFC Fight Night: Usman vs. Buckley,Edmen Shahbazyan vs. Andre Petroski,Andre Petroski,0.395305076610314,153
2025-06-14,UFC Fight Night: Usman vs. Buckley,Alonzo Menifield vs. Oumar Sy,Alonzo Menifield,0.2678958679756068,273
2025-06-14,UFC Fight Night: Usman vs. Buckley,Alonzo Menifield vs. Oumar Sy,Oumar Sy,0.7049758801567846,-239
2025-06-14,UFC Fight Night: Usman vs. Buckley,Mansur Abdul-Malik vs. Cody Brundage,Mansur Abdul-Malik,0.6434535666375983,-180
2025-06-14,UFC Fight Night: Usman vs. Buckley,Mansur Abdul-Malik vs. Cody Brundage,Cody Brundage,0.36068854304687925,177
2025-06-14,UFC Fight Night: Usman vs. Buckley,Cody Garbrandt vs. Raoni Barcelos,Cody Garbrandt,0.42037093458265895,138
2025-06-14,UFC Fight Night: Usman vs. Buckley,Cody Garbrandt vs. Raoni Barcelos,Raoni Barcelos,0.565414799929693,-130
2025-06-21,UFC Fight Night: Hill vs. Rountree Jr.,Ismail Naurdiev vs. JunYong Park,Ismail Naurdiev,0.4700917630253943,113
2025-06-21,UFC Fight Night: Hill vs. Rountree Jr.,Ismail Naurdiev vs. JunYong Park,JunYong Park,0.5212871894698244,-109
2025-06-21,UFC Fight Night: Hill vs. Rountree Jr.,Muhammad Naimov vs. Bogdan Grad,Muhammad Naimov,0.4203620193131944,138
2025-06-21,UFC Fight Night: Hill vs. Rountree Jr.,Muhammad Naimov vs. Bogdan Grad,Bogdan Grad,0.5557674335538577,-125
2025-06-21,UFC Fight Night: Hill vs. Rountree Jr.,Nazim Sadykhov vs. Nikolas Motta,Nazim Sadykhov,0.4006627053093603,150
2025-06-21,UFC Fight Night: Hill vs. Rountree Jr.,Nazim Sadykhov vs. Nikolas Motta,Nikolas Motta,0.5412427647294606,-118
2025-06-21,UFC Fight Night: Hill vs. Rountree Jr.,Jamahal Hill vs. Khalil Rountree Jr.,Jamahal Hill,0.474579036108492,111
2025-06-21,UFC Fight Night: Hill vs. Rountree Jr.,Jamahal Hill vs. Khalil Rountree Jr.,Khalil Rountree Jr.,0.4660704257065689,115
2025-06-21,UFC Fight Night: Hill vs. Rountree Jr.,Hamdy Abdelwahab vs. Mohammed Usman,Hamdy Abdelwahab,0.5339358137144945,-115
2025-06-21,UFC Fight Night: Hill vs. Rountree Jr.,Hamdy Abdelwahab vs. Mohammed Usman,Mohammed Usman,0.48217362342148995,107
2025-06-21,UFC Fight Night: Hill vs. Rountree Jr.,Rafael Fiziev vs. Ignacio Bahamondes,Rafael Fiziev,0.3047759326042054,228
2025-06-21,UFC Fight Night: Hill vs. Rountree Jr.,Rafael Fiziev vs. Ignacio Bahamondes,Ignacio Bahamondes,0.7036226943779869,-237
2025-06-21,UFC Fight Night: Hill vs. Rountree Jr.,Tagir Ulanbekov vs. Azat Maksum,Tagir Ulanbekov,0.535644629644648,-115
2025-06-21,UFC Fight Night: Hill vs. Rountree Jr.,Tagir Ulanbekov vs. Azat Maksum,Azat Maksum,0.4119936077016472,143
2025-06-28,UFC 317: Topuria vs. Oliveira,Brandon Royval vs. Joshua Van,Brandon Royval,0.33868137403211757,195
2025-06-28,UFC 317: Topuria vs. Oliveira,Brandon Royval vs. Joshua Van,Joshua Van,0.6316951568068987,-172
2025-06-28,UFC 317: Topuria vs. Oliveira,Beneil Dariush vs. Renato Moicano,Beneil Dariush,0.5014418710292258,-101
2025-06-28,UFC 317: Topuria vs. Oliveira,Beneil Dariush vs. Renato Moicano,Renato Moicano,0.4953172724056412,102
2025-06-28,UFC 317: Topuria vs. Oliveira,Alexandre Pantoja vs. Kai Kara-France,Alexandre Pantoja,0.5069100496808419,-103
2025-06-28,UFC 317: Topuria vs. Oliveira,Alexandre Pantoja vs. Kai Kara-France,Kai Kara-France,0.4747248413173279,111
2025-06-28,UFC 317: Topuria vs. Oliveira,Ilia Topuria vs. Charles Oliveira,Ilia Topuria,0.5702410304796726,-133
2025-06-28,UFC 317: Topuria vs. Oliveira,Ilia Topuria vs. Charles Oliveira,Charles Oliveira,0.4555385069112013,120
2025-06-28,UFC 317: Topuria vs. Oliveira,Niko Price vs. Jacobe Smith,Niko Price,0.3341667188807181,199
2025-06-28,UFC 317: Topuria vs. Oliveira,Niko Price vs. Jacobe Smith,Jacobe Smith,0.6355458509524852,-174
2025-06-28,UFC 317: Topuria vs. Oliveira,Payton Talbott vs. Felipe Lima,Payton Talbott,0.4320615646099281,131
2025-06-28,UFC 317: Topuria vs. Oliveira,Payton Talbott vs. Felipe Lima,Felipe Lima,0.570587538577032,-133
2025-06-28,UFC 317: Topuria vs. Oliveira,Terrance McKinney vs. Viacheslav Borshchev,Terrance McKinney,0.72499779194801,-264
2025-06-28,UFC 317: Topuria vs. Oliveira,Terrance McKinney vs. Viacheslav Borshchev,Viacheslav Borshchev,0.24555253097705748,307
2025-06-28,UFC 317: Topuria vs. Oliveira,Hyder Amil vs. Jose Delgado,Hyder Amil,0.3747253227526429,167
2025-06-28,UFC 317: Topuria vs. Oliveira,Hyder Amil vs. Jose Delgado,Jose Delgado,0.5981342865493134,-149
2025-06-28,UFC 317: Topuria vs. Oliveira,Jack Hermansson vs. Gregory Rodrigues,Jack Hermansson,0.5113687489635131,-105
2025-06-28,UFC 317: Topuria vs. Oliveira,Jack Hermansson vs. Gregory Rodrigues,Gregory Rodrigues,0.4665427183445467,114
2025-07-12,UFC Fight Night: Lewis vs. Teixeira,Max Griffin vs. Chris Curtis,Max Griffin,0.4606768079701483,117
2025-07-12,UFC Fight Night: Lewis vs. Teixeira,Max Griffin vs. Chris Curtis,Chris Curtis,0.4985027331278795,101
2025-07-12,UFC Fight Night: Lewis vs. Teixeira,Vitor Petrino vs. Austen Lane,Vitor Petrino,0.6621711918003697,-196
2025-07-12,UFC Fight Night: Lewis vs. Teixeira,Vitor Petrino vs. Austen Lane,Austen Lane,0.3408129745146501,193
2025-07-12,UFC Fight Night: Lewis vs. Teixeira,Junior Tafa vs. Tuco Tokkos,Junior Tafa,0.6542331091096371,-189
2025-07-12,UFC Fight Night: Lewis vs. Teixeira,Junior Tafa vs. Tuco Tokkos,Tuco Tokkos,0.35170267324045873,184
2025-07-12,UFC Fight Night: Lewis vs. Teixeira,Mitch Ramirez vs. Mike Davis,Mitch Ramirez,0.3094200999601302,223
2025-07-12,UFC Fight Night: Lewis vs. Teixeira,Mitch Ramirez vs. Mike Davis,Mike Davis,0.6648925461002554,-198
2025-07-12,UFC Fight Night: Lewis vs. Teixeira,Calvin Kattar vs. Steve Garcia,Calvin Kattar,0.28320266338151523,253
2025-07-12,UFC Fight Night: Lewis vs. Teixeira,Calvin Kattar vs. Steve Garcia,Steve Garcia,0.6858534508108847,-218
2025-07-12,UFC Fight Night: Lewis vs. Teixeira,Derrick Lewis vs. Tallison Teixeira,Derrick Lewis,0.17455975396576193,473
2025-07-12,UFC Fight Night: Lewis vs. Teixeira,Derrick Lewis vs. Tallison Teixeira,Tallison Teixeira,0.8430811822732994,-537
2025-07-12,UFC Fight Night: Lewis vs. Teixeira,Kennedy Nzechukwu vs. Valter Walker,Kennedy Nzechukwu,0.44130841635069445,127
2025-07-12,UFC Fight Night: Lewis vs. Teixeira,Kennedy Nzechukwu vs. Valter Walker,Valter Walker,0.5294429255160827,-113
2025-07-12,UFC Fight Night: Lewis vs. Teixeira,Stephen Thompson vs. Gabriel Bonfim,Stephen Thompson,0.2871046495018315,248
2025-07-12,UFC Fight Night: Lewis vs. Teixeira,Stephen Thompson vs. Gabriel Bonfim,Gabriel Bonfim,0.7115248676931019,-247
2025-07-12,UFC Fight Night: Lewis vs. Teixeira,Nate Landwehr vs. Morgan Charriere,Nate Landwehr,0.37269728893477183,168
2025-07-12,UFC Fight Night: Lewis vs. Teixeira,Nate Landwehr vs. Morgan Charriere,Morgan Charriere,0.5912954130644191,-145
2025-07-12,UFC Fight Night: Lewis vs. Teixeira,Jake Matthews vs. Chidi Njokuani,Jake Matthews,0.5121310999835945,-105
2025-07-12,UFC Fight Night: Lewis vs. Teixeira,Jake Matthews vs. Chidi Njokuani,Chidi Njokuani,0.47160302858679376,112
2025-07-19,UFC 318: Holloway vs. Poirier 3,Kyler Phillips vs. Vinicius Oliveira,Kyler Phillips,0.5272320496849615,-112
2025-07-19,UFC 318: Holloway vs. Poirier 3,Kyler Phillips vs. Vinicius Oliveira,Vinicius Oliveira,0.4701378251299061,113
2025-07-19,UFC 318: Holloway vs. Poirier 3,Ateba Gautier vs. Robert Valentin,Ateba Gautier,0.7012701950533441,-235
2025-07-19,UFC 318: Holloway vs. Poirier 3,Ateba Gautier vs. Robert Valentin,Robert Valentin,0.30506807144050635,228
2025-07-19,UFC 318: Holloway vs. Poirier 3,Jimmy Crute vs. Marcin Prachnio,Jimmy Crute,0.6006171757910913,-150
2025-07-19,UFC 318: Holloway vs. Poirier 3,Jimmy Crute vs. Marcin Prachnio,Marcin Prachnio,0.4113911492498255,143
2025-07-19,UFC 318: Holloway vs. Poirier 3,Marvin Vettori vs. Brendan Allen,Marvin Vettori,0.42298160670989154,136
2025-07-19,UFC 318: Holloway vs. Poirier 3,Marvin Vettori vs. Brendan Allen,Brendan Allen,0.5962687901172938,-148
2025-07-19,UFC 318: Holloway vs. Poirier 3,Paulo Costa vs. Roman Kopylov,Paulo Costa,0.3585725918639697,179
2025-07-19,UFC 318: Holloway vs. Poirier 3,Paulo Costa vs. Roman Kopylov,Roman Kopylov,0.6239537892711455,-166
2025-07-19,UFC 318: Holloway vs. Poirier 3,Kevin Holland vs. Daniel Rodriguez,Kevin Holland,0.6602327069104,-194
2025-07-19,UFC 318: Holloway vs. Poirier 3,Kevin Holland vs. Daniel Rodriguez,Daniel Rodriguez,0.36849035097584176,171
2025-07-19,UFC 318: Holloway vs. Poirier 3,Max Holloway vs. Dustin Poirier,Max Holloway,0.6862485248115341,-219
2025-07-19,UFC 318: Holloway vs. Poirier 3,Max Holloway vs. Dustin Poirier,Dustin Poirier,0.315099204146988,217
2025-07-19,UFC 318: Holloway vs. Poirier 3,Ryan Spann vs. Lukasz Brzeski,Ryan Spann,0.5100109526276179,-104
2025-07-19,UFC 318: Holloway vs. Poirier 3,Ryan Spann vs. Lukasz Brzeski,Lukasz Brzeski,0.480170716890818,108
2025-07-19,UFC 318: Holloway vs. Poirier 3,Dan Ige vs. Patricio Freire,Dan Ige,0.6976129452622684,-231
2025-07-19,UFC 318: Holloway vs. Poirier 3,Dan Ige vs. Patricio Freire,Patricio Freire,0.3153931702122193,217
2025-07-19,UFC 318: Holloway vs. Poirier 3,Francisco Prado vs. Nikolay Veretennikov,Francisco Prado,0.6333702115481069,-173
2025-07-19,UFC 318: Holloway vs. Poirier 3,Francisco Prado vs. Nikolay Veretennikov,Nikolay Veretennikov,0.3738939729626398,167
2025-07-19,UFC 318: Holloway vs. Poirier 3,Michael Johnson vs. Daniel Zellhuber,Michael Johnson,0.3883758954098818,157
2025-07-19,UFC 318: Holloway vs. Poirier 3,Michael Johnson vs. Daniel Zellhuber,Daniel Zellhuber,0.5551520459558879,-125
2025-07-26,UFC Fight Night: Whittaker vs. De Ridder,Davey Grant vs. Da'Mon Blackshear,Davey Grant,0.33342720583644475,200
2025-07-26,UFC Fight Night: Whittaker vs. De Ridder,Davey Grant vs. Da'Mon Blackshear,Da'Mon Blackshear,0.6184801808526632,-162
2025-07-26,UFC Fight Night: Whittaker vs. De Ridder,Robert Whittaker vs. Reinier de Ridder,Robert Whittaker,0.5157107789404058,-106
2025-07-26,UFC Fight Night: Whittaker vs. De Ridder,Robert Whittaker vs. Reinier de Ridder,Reinier de Ridder,0.47731498262505373,110
2025-07-26,UFC Fight Night: Whittaker vs. De Ridder,Muslim Salikhov vs. Carlos Leal,Muslim Salikhov,0.44143654717587477,127
2025-07-26,UFC Fight Night: Whittaker vs. De Ridder,Muslim Salikhov vs. Carlos Leal,Carlos Leal,0.5232010788771264,-110
2025-07-26,UFC Fight Night: Whittaker vs. De Ridder,Petr Yan vs. Marcus McGhee,Petr Yan,0.5906728350700738,-144
2025-07-26,UFC Fight Night: Whittaker vs. De Ridder,Petr Yan vs. Marcus McGhee,Marcus McGhee,0.41274285491637197,142
2025-07-26,UFC Fight Night: Whittaker vs. De Ridder,Asu Almabayev vs. Jose Ochoa,Asu Almabayev,0.5076407401449428,-103
2025-07-26,UFC Fight Night: Whittaker vs. De Ridder,Asu Almabayev vs. Jose Ochoa,Jose Ochoa,0.4809730712022363,108
2025-07-26,UFC Fight Night: Whittaker vs. De Ridder,Nikita Krylov vs. Bogdan Guskov,Nikita Krylov,0.639733990611404,-178
2025-07-26,UFC Fight Night: Whittaker vs. De Ridder,Nikita Krylov vs. Bogdan Guskov,Bogdan Guskov,0.3372570300192217,197
2025-07-26,UFC Fight Night: Whittaker vs. De Ridder,Shara Magomedov vs. Marc-Andre Barriault,Shara Magomedov,0.6051367762208338,-153
2025-07-26,UFC Fight Night: Whittaker vs. De Ridder,Shara Magomedov vs. Marc-Andre Barriault,Marc-Andre Barriault,0.3362346608028214,197
2025-07-26,UFC Fight Night: Whittaker vs. De Ridder,Bryce Mitchell vs. Said Nurmagomedov,Bryce Mitchell,0.5664641008016058,-131
2025-07-26,UFC Fight Night: Whittaker vs. De Ridder,Bryce Mitchell vs. Said Nurmagomedov,Said Nurmagomedov,0.4271833069196141,134
2025-07-26,UFC Fight Night: Whittaker vs. De Ridder,Mohammad Yahya vs. Steven Nguyen,Mohammad Yahya,0.5153322533781104,-106
2025-07-26,UFC Fight Night: Whittaker vs. De Ridder,Mohammad Yahya vs. Steven Nguyen,Steven Nguyen,0.5229545812732783,-110
2025-07-26,UFC Fight Night: Whittaker vs. De Ridder,Ibo Aslan vs. Billy Elekana,Ibo Aslan,0.6035339301268428,-152
2025-07-26,UFC Fight Night: Whittaker vs. De Ridder,Ibo Aslan vs. Billy Elekana,Billy Elekana,0.39988146024375126,150
2025-08-02,UFC Fight Night: Taira vs. Park,Nick Klein vs. Andrey Pulyaev,Nick Klein,0.5011169402459454,-100
2025-08-02,UFC Fight Night: Taira vs. Park,Nick Klein vs. Andrey Pulyaev,Andrey Pulyaev,0.5035456454134644,-101
2025-08-02,UFC Fight Night: Taira vs. Park,Elves Brener vs. Esteban Ribovics,Elves Brener,0.4009111275544196,149
2025-08-02,UFC Fight Night: Taira vs. Park,Elves Brener vs. Esteban Ribovics,Esteban Ribovics,0.541040257797608,-118
2025-08-02,UFC Fight Night: Taira vs. Park,Neil Magny vs. Elizeu Zaleski dos Santos,Neil Magny,0.4516258652113605,121
2025-08-02,UFC Fight Night: Taira vs. Park,Neil Magny vs. Elizeu Zaleski dos Santos,Elizeu Zaleski dos Santos,0.5367356173195971,-116
2025-08-02,UFC Fight Night: Taira vs. Park,Tatsuro Taira vs. HyunSung Park,Tatsuro Taira,0.5870865304434479,-142
2025-08-02,UFC Fight Night: Taira vs. Park,Tatsuro Taira vs. HyunSung Park,HyunSung Park,0.3856517468162844,159
2025-08-02,UFC Fight Night: Taira vs. Park,Rafael Estevam vs. Felipe Bunes,Rafael Estevam,0.6163389227627973,-161
2025-08-02,UFC Fight Night: Taira vs. Park,Rafael Estevam vs. Felipe Bunes,Felipe Bunes,0.32314077718775386,209
2025-08-02,UFC Fight Night: Taira vs. Park,Mateusz Rebecki vs. Chris Duncan,Mateusz Rebecki,0.44323934557368505,126
2025-08-02,UFC Fight Night: Taira vs. Park,Mateusz Rebecki vs. Chris Duncan,Chris Duncan,0.5104719133029125,-104
2025-08-02,UFC Fight Night: Taira vs. Park,Rinya Nakamura vs. Nathan Fletcher,Rinya Nakamura,0.435948513288597,129
2025-08-02,UFC Fight Night: Taira vs. Park,Rinya Nakamura vs. Nathan Fletcher,Nathan Fletcher,0.5872131452267814,-142
2025-08-02,UFC Fight Night: Taira vs. Park,Rodolfo Vieira vs. Tresean Gore,Rodolfo Vieira,0.5048880620960163,-102
2025-08-02,UFC Fight Night: Taira vs. Park,Rodolfo Vieira vs. Tresean Gore,Tresean Gore,0.4288997339836826,133
2025-08-02,UFC Fight Night: Taira vs. Park,Danny Silva vs. Kevin Vallejos,Danny Silva,0.48365561906460225,107
2025-08-02,UFC Fight Night: Taira vs. Park,Danny Silva vs. Kevin Vallejos,Kevin Vallejos,0.4862398297830214,106
2025-08-09,UFC Fight Night: Dolidze vs. Hernandez,Eryk Anders vs. Christian Leroy Duncan,Eryk Anders,0.24633874288537286,306
2025-08-09,UFC Fight Night: Dolidze vs. Hernandez,Eryk Anders vs. Christian Leroy Duncan,Christian Leroy Duncan,0.7213214252951404,-259
2025-08-09,UFC Fight Night: Dolidze vs. Hernandez,Elijah Smith vs. Toshiomi Kazama,Elijah Smith,0.6943012372163291,-227
2025-08-09,UFC Fight Night: Dolidze vs. Hernandez,Elijah Smith vs. Toshiomi Kazama,Toshiomi Kazama,0.29094261889601414,244
2025-08-09,UFC Fight Night: Dolidze vs. Hernandez,Julius Walker vs. Rafael Cerqueira,Julius Walker,0.691795901892797,-224
2025-08-09,UFC Fight Night: Dolidze vs. Hernandez,Julius Walker vs. Rafael Cerqueira,Rafael Cerqueira,0.21742008041036348,360
2025-08-09,UFC Fight Night: Dolidze vs. Hernandez,Steve Erceg vs. Ode Osbourne,Steve Erceg,0.597471648808892,-148
2025-08-09,UFC Fight Night: Dolidze vs. Hernandez,Steve Erceg vs. Ode Osbourne,Ode Osbourne,0.3818119765886518,162
2025-08-09,UFC Fight Night: Dolidze vs. Hernandez,Uros Medic vs. Gilbert Urbina,Uros Medic,0.5088162736084635,-104
2025-08-09,UFC Fight Night: Dolidze vs. Hernandez,Uros Medic vs. Gilbert Urbina,Gilbert Urbina,0.4567833647761212,119
2025-08-09,UFC Fight Night: Dolidze vs. Hernandez,Miles Johns vs. Jean Matsumoto,Miles Johns,0.42447560202223944,136
2025-08-09,UFC Fight Night: Dolidze vs. Hernandez,Miles Johns vs. Jean Matsumoto,Jean Matsumoto,0.5491066210322568,-122
2025-08-09,UFC Fight Night: Dolidze vs. Hernandez,Andre Fili vs. Christian Rodriguez,Andre Fili,0.2611253279562081,283
2025-08-09,UFC Fight Night: Dolidze vs. Hernandez,Andre Fili vs. Christian Rodriguez,Christian Rodriguez,0.6962558598596508,-229
2025-08-09,UFC Fight Night: Dolidze vs. Hernandez,Cody Brundage vs. Eric McConico,Cody Brundage,0.6464447776880182,-183
2025-08-09,UFC Fight Night: Dolidze vs. Hernandez,Cody Brundage vs. Eric McConico,Eric McConico,0.33853470249184,195
2025-08-09,UFC Fight Night: Dolidze vs. Hernandez,Roman Dolidze vs. Anthony Hernandez,Roman Dolidze,0.29082043992807266,244
2025-08-09,UFC Fight Night: Dolidze vs. Hernandez,Roman Dolidze vs. Anthony Hernandez,Anthony Hernandez,0.6968171816479043,-230
2025-08-16,UFC 319: Du Plessis vs. Chimaev,Jared Cannonier vs. Michael Page,Jared Cannonier,0.4426351257880644,126
2025-08-16,UFC 319: Du Plessis vs. Chimaev,Jared Cannonier vs. Michael Page,Michael Page,0.555631513432985,-125
2025-08-16,UFC 319: Du Plessis vs. Chimaev,Chase Hooper vs. Alexander Hernandez,Chase Hooper,0.7184392579470179,-255
2025-08-16,UFC 319: Du Plessis vs. Chimaev,Chase Hooper vs. Alexander Hernandez,Alexander Hernandez,0.2513974743059748,298
2025-08-16,UFC 319: Du Plessis vs. Chimaev,Edson Barboza vs. Drakkar Klose,Edson Barboza,0.39726516396554423,152
2025-08-16,UFC 319: Du Plessis vs. Chimaev,Edson Barboza vs. Drakkar Klose,Drakkar Klose,0.5805893304382432,-138
2025-08-16,UFC 319: Du Plessis vs. Chimaev,Dricus Du Plessis vs. Khamzat Chimaev,Dricus Du Plessis,0.4519456306493014,121
2025-08-16,UFC 319: Du Plessis vs. Chimaev,Dricus Du Plessis vs. Khamzat Chimaev,Khamzat Chimaev,0.5112149569311094,-105
2025-08-16,UFC 319: Du Plessis vs. Chimaev,Gerald Meerschaert vs. Michal Oleksiejczuk,Gerald Meerschaert,0.4016823704428274,149
2025-08-16,UFC 319: Du Plessis vs. Chimaev,Gerald Meerschaert vs. Michal Oleksiejczuk,Michal Oleksiejczuk,0.5727803163099895,-134
2025-08-16,UFC 319: Du Plessis vs. Chimaev,Geoff Neal vs. Carlos Prates,Geoff Neal,0.49715683517083903,101
2025-08-16,UFC 319: Du Plessis vs. Chimaev,Geoff Neal vs. Carlos Prates,Carlos Prates,0.5117971617440769,-105
2025-08-16,UFC 319: Du Plessis vs. Chimaev,Tim Elliott vs. Kai Asakura,Tim Elliott,0.5324160368139623,-114
2025-08-16,UFC 319: Du Plessis vs. Chimaev,Tim Elliott vs. Kai Asakura,Kai Asakura,0.4521726123429854,121
2025-08-23,UFC Fight Night: Walker vs. Zhang,Sergei Pavlovich vs. Waldo Cortes-Acosta,Sergei Pavlovich,0.5503822366366405,-122
2025-08-23,UFC Fight Night: Walker vs. Zhang,Sergei Pavlovich vs. Waldo Cortes-Acosta,Waldo Cortes-Acosta,0.45380253196819514,120
2025-08-23,UFC Fight Night: Walker vs. Zhang,Maheshate vs. Gauge Young,Maheshate,0.4470047921015001,124
2025-08-23,UFC Fight Night: Walker vs. Zhang,Maheshate vs. Gauge Young,Gauge Young,0.4984365438209838,101
2025-08-23,UFC Fight Night: Walker vs. Zhang,Yizha vs. Westin Wilson,Yizha,0.61597701842832,-160
2025-08-23,UFC Fight Night: Walker vs. Zhang,Yizha vs. Westin Wilson,Westin Wilson,0.3623739476643167,176
2025-08-23,UFC Fight Night: Walker vs. Zhang,Johnny Walker vs. Zhang Mingyang,Johnny Walker,0.3753310606324334,166
2025-08-23,UFC Fight Night: Walker vs. Zhang,Johnny Walker vs. Zhang Mingyang,Zhang Mingyang,0.6248786063212702,-167
2025-08-23,UFC Fight Night: Walker vs. Zhang,Uran Satybaldiev vs. Diyar Nurgozhay,Uran Satybaldiev,0.4368097315107235,129
2025-08-23,UFC Fight Night: Walker vs. Zhang,Uran Satybaldiev vs. Diyar Nurgozhay,Diyar Nurgozhay,0.5903728466985677,-144
2025-08-23,UFC Fight Night: Walker vs. Zhang,Michel Pereira vs. Kyle Daukaus,Michel Pereira,0.6406185707752672,-178
2025-08-23,UFC Fight Night: Walker vs. Zhang,Michel Pereira vs. Kyle Daukaus,Kyle Daukaus,0.3219988144172287,211
2025-08-23,UFC Fight Night: Walker vs. Zhang,Charles Johnson vs. Lone'er Kavanagh,Charles Johnson,0.39191940255143626,155
2025-08-23,UFC Fight Night: Walker vs. Zhang,Charles Johnson vs. Lone'er Kavanagh,Lone'er Kavanagh,0.5761000374435963,-136
2025-08-23,UFC Fight Night: Walker vs. Zhang,Rongzhu vs. Austin Hubbard,Rongzhu,0.6802799598949305,-213
2025-08-23,UFC Fight Night: Walker vs. Zhang,Rongzhu vs. Austin Hubbard,Austin Hubbard,0.2822144509757526,254
2025-08-23,UFC Fight Night: Walker vs. Zhang,Xiao Long vs. SuYoung You,Xiao Long,0.38641825546304454,159
2025-08-23,UFC Fight Night: Walker vs. Zhang,Xiao Long vs. SuYoung You,SuYoung You,0.6135514887204196,-159
2025-08-23,UFC Fight Night: Walker vs. Zhang,Sumudaerji vs. Kevin Borjas,Sumudaerji,0.5298538717722202,-113
2025-08-23,UFC Fight Night: Walker vs. Zhang,Sumudaerji vs. Kevin Borjas,Kevin Borjas,0.4169111157239047,140
2025-09-06,UFC Fight Night: Imavov vs. Borralho,Benoit Saint Denis vs. Mauricio Ruffy,Benoit Saint Denis,0.4846916040964763,106
2025-09-06,UFC Fight Night: Imavov vs. Borralho,Benoit Saint Denis vs. Mauricio Ruffy,Mauricio Ruffy,0.48139663462292287,108
2025-09-06,UFC Fight Night: Imavov vs. Borralho,Nassourdine Imavov vs. Caio Borralho,Nassourdine Imavov,0.4893747076211618,104
2025-09-06,UFC Fight Night: Imavov vs. Borralho,Nassourdine Imavov vs. Caio Borralho,Caio Borralho,0.4779639307661321,109
2025-09-06,UFC Fight Night: Imavov vs. Borralho,Andreas Gustafsson vs. Rinat Fakhretdinov,Andreas Gustafsson,0.4015338833076109,149
2025-09-06,UFC Fight Night: Imavov vs. Borralho,Andreas Gustafsson vs. Rinat Fakhretdinov,Rinat Fakhretdinov,0.5709959896556288,-133
2025-09-06,UFC Fight Night: Imavov vs. Borralho,Bolaji Oki vs. Mason Jones,Bolaji Oki,0.5498234339373478,-122
2025-09-06,UFC Fight Night: Imavov vs. Borralho,Bolaji Oki vs. Mason Jones,Mason Jones,0.4224299874321736,137
2025-09-06,UFC Fight Night: Imavov vs. Borralho,Sam Patterson vs. Trey Waters,Sam Patterson,0.6046210316707284,-153
2025-09-06,UFC Fight Night: Imavov vs. Borralho,Sam Patterson vs. Trey Waters,Trey Waters,0.37197103143972626,169
2025-09-06,UFC Fight Night: Imavov vs. Borralho,Brad Tavares vs. Robert Bryczek,Brad Tavares,0.5320165989410529,-114
2025-09-06,UFC Fight Night: Imavov vs. Borralho,Brad Tavares vs. Robert Bryczek,Robert Bryczek,0.4519647653826652,121
2025-09-06,UFC Fight Night: Imavov vs. Borralho,Oumar Sy vs. Brendson Ribeiro,Oumar Sy,0.662205181591208,-196
2025-09-06,UFC Fight Night: Imavov vs. Borralho,Oumar Sy vs. Brendson Ribeiro,Brendson Ribeiro,0.315594647761971,217
2025-09-06,UFC Fight Night: Imavov vs. Borralho,Modestas Bukauskas vs. Paul Craig,Modestas Bukauskas,0.6056789454379029,-154
2025-09-06,UFC Fight Night: Imavov vs. Borralho,Modestas Bukauskas vs. Paul Craig,Paul Craig,0.4006036356101937,150
2025-09-13,UFC Fight Night: Lopes vs. Silva,Kelvin Gastelum vs. Dustin Stoltzfus,Kelvin Gastelum,0.6329915590052196,-172
2025-09-13,UFC Fight Night: Lopes vs. Silva,Kelvin Gastelum vs. Dustin Stoltzfus,Dustin Stoltzfus,0.38394185494695726,160
2025-09-13,UFC Fight Night: Lopes vs. Silva,Claudio Puelles vs. Joaquim Silva,Claudio Puelles,0.6389575063259497,-177
2025-09-13,UFC Fight Night: Lopes vs. Silva,Claudio Puelles vs. Joaquim Silva,Joaquim Silva,0.3348804046745104,199
2025-09-13,UFC Fight Night: Lopes vs. Silva,Rafa Garcia vs. Jared Gordon,Rafa Garcia,0.4506354508935884,122
2025-09-13,UFC Fight Night: Lopes vs. Silva,Rafa Garcia vs. Jared Gordon,Jared Gordon,0.5080298628988509,-103
2025-09-13,UFC Fight Night: Lopes vs. Silva,Jesus Aguilar vs. Luis Gurule,Jesus Aguilar,0.6141938474239824,-159
2025-09-13,UFC Fight Night: Lopes vs. Silva,Jesus Aguilar vs. Luis Gurule,Luis Gurule,0.395329369968049,153
2025-09-13,UFC Fight Night: Lopes vs. Silva,Alexander Hernandez vs. Diego Ferreira,Alexander Hernandez,0.5494647798375616,-122
2025-09-13,UFC Fight Night: Lopes vs. Silva,Alexander Hernandez vs. Diego Ferreira,Diego Ferreira,0.45046166855231706,122
2025-09-13,UFC Fight Night: Lopes vs. Silva,Rob Font vs. David Martinez,Rob Font,0.5348067628182527,-115
2025-09-13,UFC Fight Night: Lopes vs. Silva,Rob Font vs. David Martinez,David Martinez,0.4649161933081247,115
2025-09-13,UFC Fight Night: Lopes vs. Silva,Diego Lopes vs. Jean Silva,Diego Lopes,0.42058801414079633,138
2025-09-13,UFC Fight Night: Lopes vs. Silva,Diego Lopes vs. Jean Silva,Jean Silva,0.5290351222778292,-112
